00094;农业无人机放量增长盈利仍难 短期盈利未可期
00193;全国首艘无人智能巡逻艇"上岗" 可有效预警水域情况
00447;新华社评王者荣耀:健康游戏不止于防沉迷
00550;王者荣耀成为全世界最吸金手游 英媒称发现秘诀在哪
01312;老铁:"王者荣耀"遇舆论压力 将促手游克制发展
02452;云南植保无人机助力高原特色现代农业
02960;手游行业引领娱乐消费新趋势
03256;中国太空量子通信获突破 实现白天远距离量子密钥分发
04270;机械行业周报:植保无人机补贴试点将开启,市场空间有望逐步打开
04329;农业植保无人机显优势中游服务企业将成核心
04857;精准种植 溯源管理 通过低功耗物联网打造农业智慧管理模式
06253;王者荣耀:一个猥琐发育的超级IP
06272;为什么妹子们也喜欢玩《王者荣耀》?
06398;农业无人机 放量增长盈利仍难
06848;农业也玩VR?"绿博会"上的农业"黑科技"
07222;智能化与行业化
07569;无人机两大趋势:智能化与行业应用程度加深
07760;大疆开辟农业无人机市场 引领行业未来发展方向
08616;机械行业:植保无人机补贴试点将开启,市场空间有望逐步打开
08845;卫龙食品官微日前发布了一部预告短片,表示将于6月15日公测一款名叫《卫龙霸业》的手游
09978;无人机深耕行业级市场 监管趋严
11713;农业植保无人机显优势 相关概念股或受益
