00630;福建6月1日起对无人机采取临时性行政措施
00985;浙江2016年海洋生产总值6700亿元
01184;国务院机构改革方案出炉 银保监管合并
02612;十三届全国人大一次会议举行第四次全体会议
03509;国务院印发《关于取消一批行政许可事项的决定》
04296;国家林草局的前世今生"林草兴邦"呼之欲出
04725;你好!九大新部门"掌门人"
04880;中央财政助农业绿色发展
05306;王宏在广东省海洋与渔业局调研时强调 要把海洋经济抓紧抓牢抓出实效
05380;多部委力推装配式建筑 钢结构装配迎千亿增量市场
05635;十三届全国人大一次会议批准国务院机构改革方案
06933;今年中国中央财政安排211亿元支持退耕还林还草
07897;国务院机构改革方案提请审议
08381;全国远洋渔业发展规划印发 促进行业加速发展
08833;通知来了!国务院最新机构设置及部委管理的国家局设置
09543;海洋局局长:要把海洋经济抓紧抓牢抓出实效
09988;从卖木材到卖空气 海南养护"绿宝石"收获生态红利
10144;"独特技术+刚性需求"将带来收入持续爆发
11149;农业部:2020年国内海洋捕捞总产量减至1000万吨以内
