00201;[买入评级]梅安森(300275):切入"智慧牧业" "物联网+"战略开辟新空间
00493;国家能源局发布供电监管报告:电企市场行为须规范
00912;物联网爆发前夜 两大难题待解
01210;未来天然气汽车将有1000万辆
01548;两部委发文加快储气设施建设 构建辅助服务市场
02269;工信部:进一步推动移动物联网建设繁荣发展
02395;兵器工业集团:调研中国移动5G试验外场 深化业务合作
02684;发改委:鼓励多主体合资合作建设储气设施 共担成本共享收益
02832;全球最大NB-IoT商用项目落地 产业链发展望提速
02909;广东发改委公开征求意见:气源价格处于较高水平 拟促"三桶油"降气价
03950;山西全省燃气资源整合重组全面开启
04002;九月以来天然气价格暴涨超100% 6只龙头股迎"升机"
04055;发改委:到2020年供气企业要拥有不低于其年销售量10%的储气能力
04130;物联网发展标准即将出来 关注产业链个股
04290;油气改革一揽子政策正在酝酿出台 将密集落地
04301;中兴通讯(000063)参展CeBIT 实现LPWAN物联网商用
04310;天然气市场将启动预售交易 利好行业发展
04519;通信行业:物联网落地加速 短期关注中报高增长标的
05314;中国电信将在雄安推广NB-IoT挂表 物联网迎来商业机会
05369;天然气储气调峰设施建设应加快
05824;我国天然气市场化定价改革再进一步 行业迎爆发期
05834;热水器厂家押宝净化功能
05974;国家发改委、国家能源局来坛开展天然气管网体制改革专题调研
06242;发改委:将进一步减轻下游用户的用气负担
06297;物联网爆发前夜两大难题:消费端红火生产端冷清
06369;急补历史欠账 中国迎储气设施建设新元年
06385;新一代物联网在南通商用 已应用于燃气行业和智能停车
06882;商务部:支持企业多元化进口海外天然气
07494;李健:以市场化助力天然气产业发展
07530;一季度天然气数据点评:天然气消费旺季更旺,进口LNG规模大幅增长
07623;发改委:加强地方天然气输配价格监管 降低下游用气负担
07828;蜀南气矿天然气销量突破10亿立方米
08061;发改委:预计今冬天然气保供压力仍较大 将多措施应对
08236;南方能源监管局督促供电企业进一步优化营商环境
08399;国家能源局:加快储气设施的建设势在必行
08454;物联网爆发前夜:消费端红红火火 生产端冷冷清清
08706;讲好资本市场故事 唱响资本市场主旋律
08766;拓邦股份(002139):业绩超预期:持续看好智能控制和物联网布局
08840;天然气产业补短板:储气调峰能力建设 已提上日程
09362;LPWAN业务将成物联网应用基础
09528;梅安森(300275):物联网+战略开辟新空间 买入评级
09611;梅安森(300275):切入"智慧牧业","物联网+"战略开辟新空间
09637;发改委:正在研究沿海地区LNG储运体系建设
09859;LNG价格快速上涨背后中石油限气是重要主因
09941;发改委:中国天然气产供储销体系建设获积极进展
10055;发改委煤电油气运保障工作会议点评:保障供应,应对"气荒"之良策
10639;新华社:《王者荣耀》现象暴露出我国游戏行业野蛮生长的痛点
10793;物联网近期热点频繁 板块或迎来反弹(股)
11047;姜洋:理直气壮宣传资本市场改革发展成就
11767;"气荒"警报解除 部分地区取消天然气限购
