00004;"业绩+事件+订单"催热环保板块 近8亿元资金涌入13只潜力股
00020;中财办点题环保市场激励机制 要调动民资积极性
00051;习近平在参加内蒙古代表团审议时强调 扎实推动经济高质量发展扎实推进脱贫攻坚
00140;普莱柯(603566):新品陆续上市 研发助推业绩增长
00143;环保板块迎来政策红利催化剂 相关概念股表现活跃
00304;我国节能市场潜力可观 合同能源管理存巨大发展空间
00773;特斯拉在华建厂事宜正与上海有关部门沟通
00867;中央财政支持气水土专项资金逐年增加 但不再"撒胡椒面"
00901;碧水保卫战正式打响,水环境治理迎戴维斯双击
01150;机构：绿色建筑认证可成写字楼吸金利器
01155;张燕生:预计我国会加大力度推动直接融资领域改革开放
01157;北方六省市攻坚"煤改电""煤改气"
01337;合同能源管理需要政府持续推广
01376;发改委:中国与有关国家的"一带一路"合作是完全平等的
01385;深化环保治理 环保装备行业进入高景气周期
01435;新兴产业成拉动海洋经济"黑马"
01534;环保税开征进入倒计时 环保税法实施条例即将上报国务院审议
01562;环保行业利好政策频出 后市存在估值提升空间
01659;《关于加快发展和规范管理本市住房租赁市场的通知》今天正式发布
01724;上海交通大学金贤敏团队成功进行了首个海水量子通信实验
01752;我国首个百亿方页岩气产能基地揭牌
01860;黄润秋:把重点地区的煤炭消费总量控制下来
02001;发改委:加强与中亚国家签订更紧密的长期供气协议
02002;特斯拉正与上海政府洽谈建厂事宜 这些概念股应声上涨
02036;中国海油油气年产量连续3年突破1亿吨油当量
02101;涪陵电力(600452):电网节能新增订单 公司业务稳健发展
02175;组建生态环境部实现"五个打通"
02176;我国首列商品化无人驾驶新能源空铁竣工下线
02194;哪些地方是土壤污染重灾区?专家指给你看
02296;社科院蓝皮书:今年GDP将增6.7% 不会发生硬着陆
02317;园林工程行业:PPP清理基本无碍园林生态环保类项目,美丽中国基本国策加持更有前景
02357;膜产业已入快速成长期 污水处理产业景气上升
02362;有巨大利益 也有污染隐患
02503;快速时尚产业研发新环保材料以降低环境成本
02516;社论:机构改革夯实高质量发展基础
02587;环保部将制定实施打赢蓝天保卫战三年计划
02638;钢铁寒冬持续 宝钢环保投入加倍
02724;云赛空间物联网布局助力智慧城市发展
02734;8省区公开中央环保督察整改落实情况
02745;生态环境部部长:污染防治七大战役确保3年明显见效
02747;国家能源集团凌文谈能源行业重组:煤电一体化是方向
02791;京津冀及周边打响蓝天保卫战 股市期市"煤飞色舞"联袂大涨
02926;国资监管改革加速:将制定出资人监管责任清单
02932;绿色发展战略 有机颜料行业格局将进一步优化
02966;以长江经济带发展推动高质量发展——解读习近平总书记在深入推动长江经济带发展座谈会上的重要讲话
03068;海南:而立之年再出发
03119;百灵天地(835465)打造"互联网+环保管家"模式
03142;工信部:积极培育节能环保、新能源汽车等新兴产业
03206;钢煤去产能进入攻坚阶段 调优结构成重点
03323;许勤:希望与日方在雄安新区规划建设中加强合作
03495;多地打响环保攻坚新战役
03510;环保趋严 生猪养殖业面临治污挑战
03514;崔丕江:如何用"互联网＋"助力焦炭企业提质增效
03579;河北晋州回应"环保设备间歇停摆污水直排河流":十人被处分
03588;建材:玻璃价格持续回落 荐3股
03593;三川智慧(300066):物联网水表龙头企业、业绩稳健增长
03604;中国水资源税改革扩至九省市区 运行平稳
03717;梅安森(300275):安全监测行业龙头,"物联网+"领域新贵
03816;十三届全国人大一次会议举行新闻发布会 2018年将制定或修改20多部法律
03841;中国环保部长为何对这个德国小城感兴趣
03979;梅安森(300275):物联网+战略加快落地 买入评级
04038;全国环境保护工作会议:制定实施打赢蓝天保卫战三年计划
04057;两会代表委员:建立全国统一企业环保信用评价系统
04156;化工:制冷剂强势不改 荐20股
04165;维生素A价格飙升近2倍 9家龙头公司尽享高增长
04217;全国首张环保税税票在上海开出
04242;环保部与腾讯(00700)达成战略合作 探索互联网+环保新模式
04283;环保部:推进臭氧和pm2.5协同控制 加快行业污染治理
04361;中央政治局常务委员会召开会议 听取雄安新区规划编制情况汇报
04546;全球唯一稀土颜料产业化项目落户内蒙古
04571;我国首套建筑渣土多功能3D打印系统发布
04613;天津一汽正式进军新能源
04663;全国首个“无人机空中综合执法应急指挥平台”在兰州开建
04719;金融支持实体经济 注重加法也要关注减法
04766;新天科技(300259):NB-IoT窄带物联网智能水表正式发布
04787;环保部:要抓紧制定发布下一阶段《大气污染防治行动计划》
04917;贯彻高质量发展要求 创造"雄安质量"
04931;绿色金融核心是降低绿色企业融资成本
05143;我国应建立健全绿色金融监管机制
05280;京津冀大气污染防治督查强化 关注烟气治理企业
05300;突破高成本产业瓶颈 海水淡化市场引爆在即
05304;习近平:扎实推动经济高质量发展扎实推进脱贫攻坚
05504;水质监测用上太阳能物联网浮标
05565;环保主题成市场新宠大气治理、新能源汽车双线出击
05618;雄安新区规划编制取得重要进展 基础性重大项目适时启动
05701;工业和信息化部关于印发《2018年工业节能监察重点工作计划》的通知
05748;新能源汽车等低碳产业2020年总产值破10万亿
05766;习近平在深入推动长江经济带发展座谈会上强调:以长江经济带发展推动高质量发展
05791;我国首个百亿立方米产能页岩气田建成
05919;江西打造千亿级移动物联网产业
05929;全国人大代表冷友斌:打造生态循环模式 解决农畜牧业废弃物污染问题
05956;农业物联网发展趋势论坛成功举办
06036;化工:近百家公司预计业绩增速翻倍
06105;李建保代表:建设海洋牧场保护南海生态
06121;梅安森(300275):牵手中兴网信,"物联网+"战略先下一城
06125;东江环保(002672):集中资源强化危废实力,广晟入主协同效应凸显
06152;汉威科技(300007)公司传感器应用于无人机
06271;十部门联合发文协同推进快递绿色包装 减少环境污染
06367;习近平听取雄安新区建设报告:适时启动一批基础性重大项目建设
06393;草甘膦新国标将于12月1日实施4只年报预喜股或迎估值修复
06509;化工行业周报:本周化工品市场整体稳定 布局超跌绩优股
06697;政策鼓励社会资本参与农业节水 市场前景广阔
06934;公安部决定对安徽浙江等地45起案件挂牌督办
07011;世纪鼎利(300050):主业延伸物联网稳步成长
07030;第一上海:予IGG(00799)"买入"评级 目标价7.5 港元
07041;我国可燃冰资源可用百年以上 商业开发还需15到20年
07059;梅安森(300275):“物联网+X”布局进入兑现期,2017迎来业绩拐点
07074;雄安新区规划呼之欲出 四个高端高新产业先行
07104;多部委联手破题天然气供应瓶颈 业内称油气改革缓慢
07243;发改委批复同意气象信息化发展规划(2018-2022年)目标
07261;生态环境部将对"2+26"城市钢铁行业开展执法检查
07584;化工行业:原油价格迎反弹,细分品种景气高
07676;化工电子医药获调研居多
07741;工信部:推进环保装备制造业发展 培育百亿规模龙头企业
07771;上海市市长应勇:坚持"房子是用来住的、不是用来炒的"
07858;环境部向20市发督办函 要求公开督办问题清单否则问责
07868;"十三五"战略性新兴产业规划出炉 勾勒五行业掘金新路径
07891;环保行业享受政策红利 7股获机构扎堆看好
07902;全国人大常委会将围绕地方政府债务情况进行专题调研
07925;热门推荐李克强:煤炭消费比重下降8.1% 清洁能源比重提高6.3%
07947;环保部会同证监会规范环境信息披露
08121;业内:海南有望增补为股东之一参与组建全国碳交易中心
08131;习近平在深入推动长江经济带发展座谈会上强调 加强改革创新战略统筹规划引导以长江经济带发展推动高质量发展
08270;财政部部署2018年地方政府债务工作:乡村振兴等领域将探索发行项目收益专项债
08380;西班牙建造全球首座3D打印桥 建筑材料可循环利用
08384;国企改革出资人监管责任清单有望加速落地
08439;台湾路测首辆无人驾驶巴士
08472;财政部部长:中国政府负债率低于国际社会通用警戒线
08517;午评:特斯拉产业链活跃,自由港惊现地天板!
08676;污染防治七大战役打响产业转型升级有望加快
08715;PPP清库限期将至 被退库项目或分类处理
08755;生态文明事关未来 16省区市建设生态省
08781;商务部确认特斯拉正与上海市政府沟通 概念股表现活跃
08875;“神舟十一”开启太空之旅 多项“高大上”实验进行时
09048;骆驼股份(601311):铅酸电池龙头地位稳固,新能源汽车领域加速布局
09095;生态环境部副部长:生态环境是高质量发展的核心目标之一
09265;土壤修复有望达到万亿元规模 两主线掘金龙头股机会
09323;中国钢铁工业协会:坚定不移维护钢铁行业平稳运行
09347;央行周学东:应探索开发"雄安贷"和"雄安债"产品
09359;央企负责人谈走出去:应结合供给侧结构性改革
09422;环保风暴!京津冀开列治理清单 秋冬季重污染天数要下降15%
09486;去年五项重大任务取得成效 三个十条推动环保发展
09516;绿色供应链试点推动环保行业成长 7只概念股获机构扎堆看好
09565;预算草案提2018年中国财政工作六大原则 继续减税降费居首
09612;十三届全国人大一次会议在京开幕
09627;机构调研聚焦环保板块 神雾系吸引百余家机构
09729;环保产业望再迎政策红利 500亿规模基金正在酝酿
09797;染料业凸显龙头 充电桩倒逼提速
09883;发改委:天然气要建立2亿方左右的调峰机制
09967;"王者荣耀"制作人回应批评 娱乐确实需要被管理
10030;习近平考察三峡工程:大国重器必须掌握在我们自己手里
10072;佳源国际控股(02768)明年启用3D打印建筑 料改善业绩
10079;雄安环保板块利好纷至沓来9只龙头股获5家以上机构推荐
10083;用绿色创造竞争力 成都建设美丽宜居公园城市
10203;同力达(838519)2017年上半年营收2490万元 业绩亏损188万元
10237;工信部负责人:中国将在一些物联网前沿领域实现领跑
10272;5月14日午间行业关注
10274;海南省北部地区发现优质干热岩地热能资源
10407;机构调研聚焦环保板块
10468;我国首个页岩气田建成产能100亿方
10498;今冬华北钢企限产30-50%基本确定 钢价再起飞(附股)
10627;今年前三个月焦炭产量下降3.2% 超30家焦炭企业提议停产保价
10780;全国人大常委会五年立法监督呵护美丽中国
10795;发改委:雄安将形成高质量发展样板 着力五方面
10836;为了一江清水浩荡东流——习近平总书记长江考察纪实
10886;天津:9月30日起全面供应符合国家第六阶段标准车用汽油、柴油
10912;环保税进入首个征期 首张税票减近600元
10918;台湾TVBS董事长顾问阮淑祥：生态文明建设不能单靠政府
10922;山西加快打造大数据产业生态链
10930;商务部:特斯拉正在与上海市政府沟通建厂事宜
10944;华润董事长为整合后的水泥新品牌揭牌
10969;生态环境保护建设迈入新征程
10992;中央财政将奖励180亿元"共抓"长江经济带生态保护修复机制建设
11014;稀有金属行业:攀枝花钛精矿继续涨 电解锰价格止跌
11024;[增持评级]达志科技(300530):新型环保表面工程化学品领跑者
11032;首轮督察问责1.8万余人 环保"督察高压"步入常态化
11040;京津冀大气污染防治政策进入落地期 两主线7只概念股藏"金矿"
11229;[增持评级]基础化工行业专题研究:雾霾天的一剂清新 汽车尾气催化产业有望迎来从一到十的重大机遇
11296;德国鲁尔工业区小城 如何转型创新实验场
11308;国家发改委:加强与中亚、俄罗斯国家签订更紧密长期供气协议
11329;全国人大发言人解释为何加快房地产税立法
11376;环保PPP市场进入监管扶持并重阶段
11451;第四批中央环保督察全面启动 机构集中调研环保行业
11454;公用事业行业:水环境领域有望迎来业绩与估值戴维斯双击
11564;《"十三五"节能环保产业发展规划》五提"合同能源管理"
11574;生态环境部:加快出台全国碳排放权交易管理条例
11579;饮用水源地保护专项行动涵盖所有县市 生态环境部将大督查
11621;十三届全国人大一次会议在京开幕 习近平张德江俞正声张高丽汪洋王沪宁赵乐际韩正等在主席台就座李克强作政府工作报告  栗战书主持大会  听取关于宪法修正案草案的说明
11671;上市环保公司高速发展 总市值破万亿
