00600;多家公司中标国网充电桩采购 行业投资迎高增长
00642;佳创视讯(300264):正与五家省市级广电运营商积极推动"VR+广电"试播工作
00982;4G板块大幅回落 富春通信跌4.88%
00989;云计算成绩出色 迅雷营收再获重要支撑
01003;充电桩板块迅速走高 亨通光电涨7.32%
01090;梦网集团(002123):物联网业务是公司现有的重要业务之一
01721;弃风弃光现象仍存 全国政协委员呼吁可再生能源配额制
01801;充电桩板块崛起 上海普天涨5.93%
02035;充电桩概念股快速拉升,现涨2.17%
02231;数码通(00315)进行5G技术展示 2020年香港5G商用是个梦?
02545;多重利好助涨石墨烯板块 近29亿元资金潜入26只概念股
03170;新能源汽车概念股延续强势表现 多股直线涨停
04036;英可瑞(300713):充电桩核心部件制造商
04060;快讯:4G板块大幅回落 富春通信跌4.88%
05246;麦格米特(002851):新能源汽车业务将加速发展 增持评级
06603;充电桩板块探底企稳快速拉升 和顺电气涨停
06774;麦格米特(002851):充电桩方面的产品尚在市场初期 订单还不多
07415;量子通信板块震荡走强 凯乐科技涨8.11%
07603;收购奥能电源增值超10倍遭问询 向日葵(300111)称充电桩前景广阔
07662;梦网集团(002123):已布局5G业务 将加大5G业务投入与扩展
07960;新能源汽车概念股掀涨停潮 超10只个股涨停
08135;长虹华丰连接器获国家资金支持 助力5G时代到来
08240;早盘4G板块爆发 通宇通讯涨停
08547;和顺电气(300141)中标3000余万新能源充电桩项目
09420;充电桩概念股盘中活跃 金冠电气涨停
09532;充电桩概念股概念股午后集体拉升 万马股份涨停
09629;GSK、默沙东分割中国宫颈癌疫苗市场
10136;出售标的成为松下合作伙伴 科泰电源(300153)与特斯拉概念擦肩而过
10811;两大逻辑驱动充电桩板块 8只国家队"入驻"潜力股有望走强
11486;量子通信概念迅速走高 神州信息涨4.72%
