00079;白酒板块迎来旺季行情 近8亿元资金涌入12只龙头股
01384;"双节"白酒销售平稳 茅台货源充足五粮液价格走高
01771;一线名酒量价齐升 白酒行业现挤压式增长
02100;近九成白酒股二季度获基金增持 5只潜力股仍具逾两成上涨空间
02341;快讯:两市震荡走高沪指涨0.32% 新能源汽车概念强势
02480;发改委召集酒企悄悄开告诫会 白酒涨价潮或急速降温
02819;茅台耕"云"大数据
03396;收评:沪指险守20日均线 5G概念股逆势走强
03933;两市早盘震荡走高 5G概念全线拉升
04245;食品饮料:看好速冻食品行业龙头安井食品的小龙虾新品
04565;创业板指逼近1900点 5G概念股拉升
05336;A股收评:沪指终结月线三连涨 5G、新能源车强势
05900;A股午评:沪指延续窄幅震荡5G、芯片题材活跃
06210;[增持评级]食品/饮料行业跟踪报告:高端白酒经销商大会利好多 17年稳健收益最佳选择
06444;白酒生产智能化，未来的酿酒师会失业吗？
07076;4月份70个大中城市商品住宅销售价格变动情况发布 15个热点城市房价保持稳定
08474;5G概念集体高开 邦讯技术领涨
09457;收评:沪指冲击3400点失败 新能源汽车概念大幅震荡
09475;4G、5G板块早间持续走强
09521;农银汇理顾旭俊:把控有度 做足"确定性"投资
09798;收评:沪指创反弹新高 钢铁有色强势
09814;水泥行情分化 西北上涨华东下跌
09909;邛酒拥抱互联网的背后:将为白酒行业带来什么?
09997;长信基金高远:看好消费品、新能源汽车产业链及PPP板块
10568;A股早评:沪指早盘小幅低开 5G概念股小幅回调
11695;微信支付上线新境外开放平台 日本支付月笔数半年增长16倍
