00135;中央一号文件五大举措强化乡村振兴人才支撑
01398;重磅利好催热农业板块
01611;服务业发展部际联席会议:加快推动服务业高质量发展
01958;中央财政继续支持2018年农业生产发展等项目实施工作
02755;姜洋:发展期货市场 振兴乡村现代农业
03758;物联网让农业智慧运营
03773;李克强:落实第二轮土地承包到期后再延长30年的政策
03913;农业部:深入推进四大作物和特色作物良种联合攻关
05216;四大措施 支持农业结构调整
05434;农村承包地确权超11亿亩 明年底将全部完成
05796;加大深度贫困地区支持力度
06337;黑龙江、吉林扩大大豆种植面积:为当前农业"首要政治任务"
06537;上半年农村"互联网+现代农业"成果显著
06988;代表委员关注"三农"改革 乡村振兴战略政策体系逐渐形成
07075;国家投600亿治理畜禽废弃物 推广农业领域PPP撬动社会资本
08215;农业部:深入推进东北农业供给侧结构性改革
08396;以"五个转变"实现农业发展"双目标"
09146;国务院全面部署两区工作 农民增收钱景看好
09213;资本"川军"归巢:一年投资近2000亿元的火辣盛宴
10198;农业部谈耕地轮作休耕制度试点:给农户补助 不搞强迫
10845;国家发展改革委等七部门启动国家农村产业融合发展示范园创建工作
11108;浙江将提升改造农村公路4万公里
11464;权威人士称一号文件聚焦乡村振兴农业供给侧改革、乡村治理等成关键词
11588;山东发布3项农业物联网平台地方标准
11656;两部门:进一步推进农产品冷链流通标准化示范工作
11741;四川蒲江的水果为什么这么甜
