00567;腾讯云打造企业信息高速路:助企业通过新技术完成商业升级
00823;在线投顾有望解公募基金难题？
01260;阴阳师用户消费是王者5倍?解析二次元爆款因素
01371;中文传媒(600373):《乱世王者》即将上线 智明星通手游再上台阶
01640;5G全球通用标准有望明年6月发布
01693;付费模式能否破视频网站亏损魔咒
01929;中国移动(00941)计划2020年完成5G规模商用
01981;【记者观察】腾讯能否成为亚洲版“漫威帝国”?
02132;“爱情博物馆”携手京东玩众筹 36万用户参与
02141;三网融合渐成规模:三大运营商IPTV用户达8673万户
02636;阿里打造游戏IP生态 产业发展再迎契机
02773;腾讯将推出重磅手游 三季度报后看业绩确定性及细分行业龙头
02858;QDII出海升级2.0:布局新市场 印度基金接踵而至
03128;【记者观察】从硬件到服务 苹果如何招揽更多开发者?
03227;我武生物(300357):黄花蒿粉滴剂顺利通过Ⅱ期临床 看好公司未来发展前景
03307;一代人的回忆 《魂斗罗:归来》开启不删档
03433;欧比特(300053):人脸识别嵌入式智能产品近期将推向市场
03664;5亿国人砸1600亿玩游戏 腾讯网易赚走大半
03786;评论：创新英雄善用前瞻逻辑
03870;五一楼市意外低迷 前两日一线城市网签同比跌超5成
03911;人们以谈论VR为时髦，有一个人笑了
04085;工信部:将在5G和车联网等重点领域推动AI应用
04291;东航"双十一"实践"互联网+航空模式" 机票销售同比增长21%
04486;如何让广告不烦人?物联网时代的营销方式正发生这些变化
04991;中兴通讯(000063)牵手京东集团 战略合作拥抱5G时代
05029;规模过千亿坚果炒货市场未来怎么走 业界总结三大趋势
05034;氪金的你们氪出278亿的网易游戏:《阴阳师》上线半年,玩家超2亿
05212;中国移动(00941):2020年完成5G的规模商用
05292;5G标准制定提速 手机通讯厂商争相“入局”
05410;世界VR产业大会筹备工作会议在江西南昌举行
05663;通宇通讯(002792):5G大周期有望带来新一轮增长
05735;京东方(000725)构建物联网生态圈
06164;[苹果开发者大会]苹果想变“软”
06186;陆皓加盟北汽新能源任营销公司副总经理
06196;王健林开始“打篮球”了
06249;VR游戏内容平台格局初定 索尼、HTC、Oculus三足鼎立
06329;VR App火爆2016年:下载量达到2.26亿次 同比增411%
07409;传媒互联网行业2017年度投资策略报告:紧抓"精"与"真",跟踪"新"与"改"
07486;【记者观察】缺失原创精神 苹果也开始抄袭了?
07502;广汽集团(02238)涨近1% 拟联合中移动开发4G车联网
07593;拥抱互联网+时代 信用卡营销应该怎么玩
08083;调控政策加码 打击个别违规行为:金九银十佛山楼市回暖
08523;奇信股份(002781):依托装饰物联网 业绩回升可期
08567;80、90后成互联网消费金融主力群体 未来市场增长潜力大
08888;日本乐天入驻网易考拉 跨境电商步入直播时代
08891;隆平高科(000998):并购逐步落地 多渠道推动新品快速推广
09034;春晚VR惊艳亮相 央视引领广电VR+浪潮
09122;国产手游凭什么揽下17%海外份额?
09380;传媒互联网行业:Snap提交IPO,创意工具+社交强粘性依托广告变现
09529;Vibrant Media:AR/VR广告内容回忆率比2D广告高700%
09938;《大行报告》麦格理升腾讯(00700)目标价至304元 指网游业务强劲
10036;5亿用户一年砸1600亿玩游戏 腾讯网易赚走近千亿
10069;众彩科技(08156)设合营拓「互联网+旅游」业务
10189;云计算、互联网社交领域未来几年发展格局分析
10373;[买入评级]金运激光(300220):"3D+AR/VR+激光"三轮驱动 技术+资本打造数字技术商业化加工厂
10586;手游市场收入创新高 比肩全球电影票房
10593;工信部部署世界VR产业大会筹备工作
11011;打扮家获红星美凯龙(01528)4千万A轮融资 VR家装走进现实
11311;BBA之外 豪车第四级强势崛起
11327;辽宁电力创建"互联网+"智能化营销服务新模式
11360;特朗普提前备战2020年大选
11447;智能配用电大数据分析系统实现成果转化
11742;腾讯(00700)手游业务收入首超电脑游戏
11780;手游消费逆袭端游游戏市场竞争加剧
