00016;证监会:今年将继续加大对证券期货违法违规行为的惩治力度
00067;交易所:修订质押式回购交易规则 明确质押率不得超过60%
00076;5G技术研发试验第三阶段工作启动 产业链股望受关注
00088;深交所:高度关注上市公司计提资产减值准备情况 坚决遏制利润操纵之风
00104;合资券商新设名单生变 3家匿迹7家新增!破魔咒待观察
00113;三逻辑催生农业板块防御属性 12家公司年报预喜
00125;收评:两市震荡走高沪指涨0.68% 手游概念强势
00146;快讯:腾讯控股(00700)午后快速拉升超1% 升破300港元关口
00155;姜洋:资本市场监管要始终体现人民性
00157;IPO监管严格了 中介机构责任更大了
00159;欣泰电气案终审判决证监会胜诉
00183;亿元罚单竟被视为"打广告" 嚣张的股市"黑嘴"该如何杜绝?
00202;法兴银行计划设控股券商 外资券商是"狼"还是"鲶鱼"?
00213;通信周报:CES展剑指通讯产业未来5年哪些大方向?
00233;抓住全球格局变化大机遇 提升中国资本市场竞争力
00261;5G技术标准制定加速 三维度把握绩优股
00270;分析:提速降费有利物联网相关产业发展
00293;证监会新闻发言人高莉就公募基金行业发展情况答记者问
00358;5G频谱规划落地 概念股表现分化
00366;收评:沪指窄幅震荡 5G概念股爆发次新股活跃
00382;紧盯风险点 稽查执法"全链条突进"
00393;艾滋病疫苗研发再获新突破 发现新靶点
00411;多城限购"松动"说法不准确 限购仍持续
00436;联通(600050)帝国危机:净利润暴跌96% 取消漫游费将损失63亿
00438;中兴通讯(000063)的"突围密码":5G技术4G化
00466;机构预测1月份CPI同比增长1.5%
00469;媒体:看中国游戏出海日本 VR游戏持续发酵
00470;证监会对3宗案件作出行政处罚
00471;5G板块将进入主题投资阶段 中兴通讯等7只个股受机构力荐
00472;国内首个商用量子通信专网投入使用 产业链股望受关注
00475;沪深交易所就《上市公司重大违法强制退市实施办法》公开征求意见
00494;运营商布局5G快马加鞭 光通信持续高增长
00495;4G概念股领涨两市
00569;证监会:规范拓展各类资金入市渠道
00586;证监会就《证券公司股权管理规定》公开征求意见
00623;纳入电信网编号计划物联网产业迎利好
00631;证监会对5宗案件作出行政处罚
00656;民进中央提案建议研究债务冻结计划 防控系统性风险
00663;中金所:依法全面从严监管 不断提高风险防范和化解能力
00695;"一带一路"合作再迈步伐 上交所与布交所签署合作谅解备忘录
00704;两遭西南证券牵连 真视通(002771)无奈终止重组云计算标的
00739;信息科技:国内推出首款窄带物联网商用芯片 荐10股
00747;华强方特成立产业并购基金 打造新三板“欢乐梦想” 第一股生态圈
00753;监管趋严 房企城投平台境外发债受限
00767;大商所与上海证监局签署监管协作备忘录
00795;运营商加速布局5G商用 产业标准研究制定将加强
00806;信用风险事件多发 公私募开启"扫雷"模式
00834;姜洋:将新闻舆论工作作为"一把手"工程
00840;深交所持续稳步推进分行业监管  发布民用爆破、珠宝、软件与信息技术服务业信息披露指引
00848;注册制改革法律授权先行,《证券法》修订仍待三审
00858;刘士余:推进资本市场改革开放 切实防范系统性金融风险
00869;资管新规落地在即100万亿元资管行业面临大洗牌
00921;国际货币基金组织点赞中国证监会投资者保护行为
00959;央企推进混改谋求多渠道补充资本 增资扩股倚重证券与产权市场
00971;虚拟现实产业联盟投资促进委员会正式成立 已签约5家企业
00976;现金贷借ABS"补血" 风险不容忽视
01010;利好频出高铁股集体走强 9只个股获逾22亿元大单追捧
01028;一带一路和网络游戏等投资升温
01095;为资本市场贡献中国智慧 "电子眼"铸就"中国保障"
01102;三七互娱(002555):数据+流量+产品 助推手游业务高速发展
01119;工信部、证监会协作支持中国制造2025
01152;"严"字当头 央企发力降杠杆
01212;世界移动通信大会开幕 5G领衔三大受益主题迎上涨契机
01274;证券业开放再出大手笔 资本市场迎来新一轮开放
01286;中兴通讯(000063):PRE 5G产品首次突破东南亚最大跨国电信运营商
01290;提速降费+5G建设加快利好通信板块 机构强烈推荐10只龙头股
01294;上市公司成新一轮债券危机主角
01304;入选高盛"新漂亮50" 持续看好游戏版块龙头
01305;证监会发布公告要求资本市场有关主体全面实施新审计报告相关准则
01320;证监会发布2018年证券立法工作计划,力争年内修改发行制度
01326;5G蓄势待发 哪些个股值得提前布局?
01332;未来运营商会加速5G商用道路建设 新的设备发展商也将迎来机会
01343;光环新网(300383):半年盈利1.9-2.2亿 IDC扩张顺利,云计算加速成长
01353;证监会发布关于"放管服"改革清理涉及规章、规范性文件的修改、废止决定
01367;证券行业发展呈现新格局中证协明确十项重点工作
01392;证券发行与承销办法六大修改迎接独角兽:细化CDR定价规则
01421;今日视点:保护好投资者合法权益是资本市场功能实现和发展的基础
01427;深化改革开放 加快建设富有国际竞争力的资本市场——张慎峰主席助理在第一届新时代资本论坛上的讲话
01444;一二线城市新房供应"在路上" 房价降温或不可逆转
01462;证监会将依照从严监管要求 促进资本市场健康发展
01469;互联网金融系列报告(2):在线开户与时俱进
01510;方星海:资本市场要勇做金融开放排头兵
01526;经济转向高质量发展 资本偏好"中国智造"
01529;iPhone8带动智能手机板块补涨 券商唱多7只个股
01537;证监会坚持"问题导向" 为投资者保护"装上牙齿"
01599;军工板块中长期布局窗口开启 关注混改等三主线
01602;又见股票质押"加急"文件!严管三类资金参与 严控存量展期
01612;重磅利好激活国企改革主题 逾3亿元资金抢筹19只成长股
01635;三大国家级海洋经济数据在广东湛江发布
01639;唱响资本市场"春天的故事"
01642;对欺诈发行坚决依法查处绝不姑息
01649;房地产税法入人大预备审议项目 今年或难有实质进展
01688;通信行业事件点评:我国发布全球首个5G中频段频谱规划,战略引领铸就大国产业崛起
01694;山东证监局局长陈家琰:证券期货机构要强化风险防控
01723;CDR开路迎中概巨头回归A股 沪伦通先行探路
01735;网龙(00777)手游收入增加1.2倍 国内教师装机提前完成目标
01800;5G板块迎布局时机四类股投资价值凸显
01803;招商通信:今年是5G标准元年 中兴通讯(000063)已率先进行相关高频测试
01818;内控+创新 双轮驱动打造中国式投行
01833;政企媒合力 开创资本市场服务脱贫攻坚新局面
01836;e公司微访谈直播:梦洁股份(002397) "互联网+CPSD"战略主线引导大家居转型
01840;证券法修订列入今年立修法工作计划
01850;盛会开幕激活物联网板块 多家机构力荐10只潜力股
01915;东北振兴再出大招 发改委公布东北与3省4市合作方案
01932;多路资金助力券商板块估值修复 7只龙头股或迎"升"机
02008;资本市场发展须以充分信息披露为核心
02011;深入学习贯彻党的十九大精神 大力推进新时代资本市场法治建设——黄炜主席助理在第六届"上证法治论坛"开幕式上的讲话
02040;证监会对牛散开出亿元罚单 冯志浩和孟祥龙操纵股价双双被罚
02099;ICO将被纳入监管 业界关注央行证监会谁来管?
02103;证券法期货法列入今年立法预备审议项目
02105;王建军:中国资本市场要有成为全球资源配置中心的眼光和自信
02106;资本市场功能发挥离不开高素质的"守门人"
02212;上市公司监管工作座谈暨培训班在上海举办
02213;"谨防违规信披" 投资者保护专项活动第三阶段启动
02234;证监会圆满完成2017年全国两会建议提案办理工作
02260;私募监管顶层设计即将落地 倡导业界合规持续经营
02270;腾讯(00700)回应推健康游戏"三板斧" <王者荣耀>折射游戏业问题
02300;中国证监会与澳大利亚证券投资委员会签署《金融科技信息共享协议》
02318;欧阳昌琼:完善退市制度 市场化处置"僵尸企业"
02326;外商可控股合资券商 证券基金业转型提速
02336;证监会:将投保落实到监管工作全链条各环节
02337;投保基金:上半年投资者信心指数高于50中值
02363;中国资本市场开放步伐稳健 成为全球资本配置重要目的地
02370;专家:抓紧修订《证券法》尽快推出《期货法》
02378;待处分证券处置业务细则正式发布
02415;5G利好政策来袭 提前布局优质标的股
02435;内外资一致 合资券商业务范围将不再单独设限
02490;A股主要游戏股赚得盆满钵满 玩家被诱惑一掷十万
02514;证券法将转入十三届全国人大五年立法规划 适时推动审议通过修订草案
02518;提升竞争力 迎接新挑战 资本市场开放发展渐入佳境
02519;专家:资管新规有望近期落地 打破刚兑思路不变
02524;腾讯(00700)跻身全球第六大科网企业 三大利好可助其再破顶
02526;资本市场改革料好戏连台
02543;我国2018年将迈出5G商用第一步 相关公司望受益
02569;新三年棚改攻坚计划启动 今年开工580万套
02629;券商股集体暴动释放何种信号?反弹或正式进入下半场
02654;第一上海:金山软件(03888,买入):公司剑三游戏业绩亮眼 云业务扩张影响毛利率
02669;证监会2017年度案件办理情况通报
02681;打击证券违法违规没有法外飞地
02683;上交所:服务实体经济、防范金融风险 提高直接融资比重
02690;资本市场助力新经济企业发展 发行制度将迎重大改革
02703;多路资金助军民融合板块走强
02704;证监会罚没北八道8.33亿元 对林庆丰等终身证券市场禁入
02732;手游助攻 业绩飘红 游戏公司还有什么新玩法
02750;午评:沪指低开低走跌幅超1% 充电桩概念股表现强势
02752;证监会圆满完成2017年全国人大代表建议和全国政协委员提案办理工作
02753;供需两旺 天然气行业保持高景气度 8只机构看好股有望迎"升"机
02772;2018年中国资产证券化年会将于4月14日-15日在京召开
02805;深交所:强化上市公司年报事后审查
02806;中国金融改革发展需理清四大问题 强化金融风险收敛机制
02817;多地推广NB-IoT试点应用 5G商用或加速落地(附股)
02818;第十五届中国基金业金牛奖评选揭晓
02826;证监会召开证券行业精准扶贫座谈会
02843;深交所三方回购业务办法公开征求意见
02849;投资者非现场销户有望成行
02872;今日视点:稳中求进是股票发行制度改革的基本准则
02910;两只5G龙头股价飞上天 公司发布风险提示
02933;2018证监会或有令市场惊喜的政策出台
02955;结合资本市场新情况修改完善公司法
02974;中国证监会副主席姜洋:防止信息传播扭曲 维护市场平稳运行
03000;证监会:全力维护资本市场稳定运行 价值投资理念确立
03006;金融业开放力度将加大
03058;上交所:推动构建绿色金融体系
03092;收评 白马股继续回调 沪指收跌0.41%
03110;"墨子号"卫星亮绝技 量子通信概念脉动
03116;《证券发行办法》修订:网下配售至少40%分配给社保等
03121;中国资本市场新闻报道主题座谈会在京召开
03122;第一届中国股权投资金牛奖揭晓
03147;两因素烘热网络安全板块 近5亿元大单抢筹8只个股
03157;快讯:腾讯(00700)跌3%后拉升 瑞银称拉回即是买点
03179;中兴通讯(000063)股价年内大涨逾七成有分析师称5G行情已近尾声
03184;证监会:促进网信企业高效对接资本市场
03193;畜禽产品迎来季节性上涨机构扎堆看好8只潜力股
03205;今日视点:保护投资者合法权益需要市场各方共同努力
03209;通信行业:联通100G集采重燃光通信市场 中兴携手Telefonica走向5G前沿
03221;资本市场监管持续从严
03231;方星海副主席在第四届中法金融论坛上的致辞
03239;央行孙国峰:ICO不等同于区块链 监管沙盒并不适合中国
03265;证监会副主席方星海:继续全面深化改革和加快推进开放
03311;三因素支撑航空股走强 逾5亿元大单抢筹4只潜力股
03316;示范维权保护中小投资者 投服中心创新开展证券支持诉讼
03354;世界移动通信大会今日开幕 关注5G概念
03364;报价系统ABS发行规模超千亿元
03377;环境保护税开征满4个月实现收入44亿元
03380;特色小镇扩容在即 上市公司抢食万亿级市场
03411;沪深交易所5月以来发出160余份问询函
03415;真正把党的十九大精神学懂弄通做实
03464;合资券商允许外资控股 业务逐步放开
03466;资本市场繁荣发展必须要靠法治来保障
03471;姜洋点赞穿透式监管:这是中国特色 有利于投资者保护
03477;从五个方面推动资本市场"高质量发展"
03500;两市开盘涨跌不一 3D打印和饮料板块领涨
03555;3D打印血管"扇动"两涨停 蓝光发展(600466)讲故事为减持?
03659;证监会力推证券法增保护投资者专章
03669;民建中央半数提案聚焦经济 建议化解地方债务风险和降低实体负担
03687;证券经纪业务竞争激烈 佣金费率"贴地飞行"
03710;鲁股指数06-19收评 沪指收复10日线 手机游戏概念股午后崛起
03743;招行4.7亿首单小微不良ABS 预计回收率超50%
03764;抢占港股4D先机华安沪港深通精选强势发行
03772;连续五个涨停 新能源汽车龙头股就是它了
03777;游戏厂商积极布局策略手游
03797;一季度证监会对40宗案件作出行政处罚 内幕交易以12宗居首
03801;后地产时代 物业服务崛起
03829;乱象与风险丛生 ICO监管亟待加强
03836;证监会:肆意挑战法律尊严必将付出沉重代价
03895;最高检:加大证券期货犯罪打击力度 坚决查处兴风作浪的"金融大鳄"
03909;凝聚基金行业合力 助力汾西打赢脱贫攻坚硬仗
03918;联讯证券:通信5G有望成下一个重磅主题 荐10股
03925;新三板“啪啪啪”概念第一股，如何在三年内把估值做到6.5亿？
03939;上交所:本周共对34起证券异常交易行为进行调查
03959;午评:沪指拉升涨0.21% 5G概念强势归来
04025;证监会查处5宗案件 证券从业人员违法买股被罚
04026;黄炜:体系化构建中小投资者损害赔偿救济制度
04052;姜洋:制定证券期货业金融科技发展规划
04098;全国证券期货监管系统年中监管工作座谈会召开 涉及资本市场发展战略的专项工作将陆续展开
04104;证监会与澳大利亚证券投资委员会签署金融科技信息共享协议
04111;交银国际升腾讯(00700)目标价至373港元 料次季收入或超预期
04121;改革新征程 拥抱新经济
04126;屠光绍:对外投资需更多"中国视角"
04133;依法治市才能建设资本市场强国
04135;证监会:合理安排不同层次市场监管制度
04143;监管层将为证券业规模化集团化发展创造空间
04145;证监会就投行类业务内部控制指引公开征求意见
04191;中美日持续强力监管虚拟货币交易所 比特币两日下跌近20%
04202;三年行动计划发布 3D打印概念股集体活跃
04209;中科院研发国产自主5G芯片 8股有望受益
04239;今日视点:多项举措次第推出加速推动资本市场双向开放
04277;证监会严厉打击信披违法违规行为
04308;百亿打新基金滑向清盘
04309;供需两旺 天然气行业保持高景气度
04313;方星海:持续推进发行体制市场化改革
04325;李超:建立养老金第三支柱刻不容缓
04341;传统企业利用资本市场加速转型
04360;深交所副总经理彭明:优化多层次板块体系 推动退市常态化
04364;证监会投保局:资本市场投保工作重在给投资者"指路子"
04421;快讯:全球正加速5G建设 京信通信股价上涨超5%
04437;姜洋同志在系统驻深单位宣讲党的十九大精神并调研督导学习贯彻情况
04470;百度斥资百亿加码无人驾驶 关注四领域投资机会
04472;张慎峰:加快建设富有国际竞争力的资本市场强国
04506;资本市场实施多层次扶贫举措 7家企业通过绿色通道上市
04514;中国证监会与希腊资本市场委员会签署《证券期货监管合作谅解备忘录》
04529;重磅政策出台利好农业 "三底"叠加迎建仓良机
04538;阎庆民:要创造条件实施注册制
04552;全面屏等技术革新加速换机周期9只智能手机龙头股迎"升"机
04576;资本市场新闻宣传舆论引导工作座谈暨培训班在杭州举办
04579;物联网或将成为5G最重要的应用场景
04603;《王者荣耀》风靡金融圈 周边产业链火爆升级
04618;CPI涨幅3%左右 物价水平总体将继续保持稳定
04669;以"金融互联网+文化"之名 邮币卡违规交易样本调查
04676;海南板块部分上市公司估值情况
04677;资管新规倒逼信托业回归本源 主动管理业务成转型焦点
04680;新三板明确证券类挂牌私募机构不得通过全国股转系统进行融资
04695;重磅产品陆续上市 疫苗行业拐点已现
04720;国务院印发新一代人工智能发展规划
04767;天风证券研究所联席所长文浩:游戏行业去泡沫早已开始 三大因素影响红利释放
04847;<战狼2>票房大卖点燃暑期档 捷成股份等4只概念股被关注
04848;我国量子直接通信获重要突破 机构看好早期布局公司
04875;云计算产业有望持续高增长 4家公司预计年报业绩翻番
04974;上交所与布交所签署合作谅解备忘录
05000;李超:着眼于提升直接融资比重 继续稳步推进股票发行制度改革
05045;私募机构专项检查揭底 83家存在问题被采取行政监管措施
05048;义无反顾做实做好一线监管
05059;证券欺诈发行适用法律亟待修订
05083;深沪交易所联合体竞得达卡促进中孟跨境资本服务机制
05121;煤企一季报业绩向好
05125;5G概念再次造好 中通国脉五连板
05134;中央结算公司:应推进政策利率和市场利率并轨
05135;今日视点:严查严罚内幕交易尚需完善相关法律条款
05136;德鑫物联(430074)董事长质押800万股
05153;上交所发布推进绿色金融愿景与行动计划
05200;5G概念股延续节前强势 25只通信股获资金追捧
05205;完善政策体系 激发资本"责任"
05218;资管规模持续收缩 券商发力新业务蓝海
05249;通信行业周报:宽带普及率超目标,电信20195G预商用
05254;手游成游戏公司增长亮点 关注优质手游概念股
05260;姜洋:扭转机构过度追求规模利润倾向
05365;中国证监会与阿斯塔纳金融服务管理局签署《证券期货监管合作谅解备忘录》
05381;中兴通讯(000063):Nubia股权收入确认 全年预告业绩符合预期
05415;5G概念股发力上攻 关注5条投资主线
05437;监管部门正对以太币等虚拟货币展开调查
05448;新三板企业闯关IPO添新案例 穿透和清理"三类股东"成关键
05503;5G频谱规划落地刺激概念股异动
05521;证券法修订年内望三审加大惩治力度如箭在弦
05538;钢铁等三板块领涨8月份行情 88只个股强势吸金104亿元
05541;消息人士称证监会就ICO征询意见 剑指传销诈骗类项目
05543;多数公募基金销售机构完成系统改造升级
05613;证监会:继续保持对内幕交易的高压严管态势
05631;奋力开创资本市场改革开放新局面
05650;深交所:了解停复牌初衷 不必谈"停"色变
05671;华安证券:优质资产享受高估值看好明年上半年行情
05673;证监会正研究修改证券法律业务管理办法
05687;战略配售重现 A股IPO生态迎变局
05725;金融不再是一行三会的事 一个月8大部委机关相继表态
05754;5G商用有望加速 坚定看好龙头
05797;快马加鞭设立控股券商 外资行详解未来发展路径
05818;证券期货准入门槛放宽利于优质外资机构"入场"
05820;证监会新修订市场诚信监督办法取得四大突破
05821;汇添富苏竞老鼠仓赚3600万 证监会惊讶高薪为何犯罪
05825;深入学习贯彻党的十九大精神 坚定不移推进新时代资本市场改革开放——李超副主席在第八届财新峰会上的讲话
05828;盛路通信(002446):5G的到来会净化市场环境 拥有技术储备的企业将迎来春天
05873;游族网络(002174)新产品密集上线
05874;发行2000万股以下企业可自行选择定价方式
05882;伟能集团(01608)参与开发秘鲁分布式发电项目
05886;证监会:非法集资形势依然复杂严峻
05916;巨头停产强化景气预期 8只维生素概念股显"升"机
05930;优胜劣汰 吐故纳新用制度约见资本市场的未来
05946;阎庆民:推出注册制需先解决"四个不"
05957;盛路通信(002446):5G应用短时间出现爆发式增加的可能性较小
05965;5G概念股活跃走强大富科技涨停
06104;金融股维稳A股持续弱势震荡 5G概念逆势爆发
06114;策略报告剧透下半年热点 机构目光投向大金融等三行业
06115;财政部:2018年1月1日起暂免征收证券期货行业机构监管费
06117;证监会通报5宗案件方正集团时任董事长被追加处罚
06177;资本市场支撑经济高质量发展
06213;绿色金融或重塑金融业发展格局
06215;人民币汇率创逾10个月新高 航空运输等四板块有望受益
06229;证监会就修订《证券期货市场诚信监督管理办法》公开征求意见
06237;5G板块表现抢眼 广和通等3股涨停
06240;通信:信部规划5G频谱 部署有序开展
06250;上半年A股游戏概念超七成盈利 并购重组"扮靓"业绩
06264;路线图明确 金融业开放步入新阶段
06279;继手游板块发力后 媒领域中的影视板块也于近日崛起
06334;券商资管"减产"不减收多元化转型成主流
06338;中兴通讯(000063):5G频谱规划推动行业加速落地
06341;午评:两市高开高走 5G概念股持续大涨
06410;通信大会开幕 5G物联网比翼齐飞
06412;重构金融与实体经济新链接让企业融资不再喊难
06429;2天7城加码楼市调控 剑指"短线炒房"
06441;中证协:券商应建网下投资者适当性制度
06442;住房租赁管理条例立法加速年度成交额或达1.8万亿元
06461;刘新华:建议设立证券法院 持续打击证券犯罪
06466;陈小澎:推进资本市场改革开放 全面提高服务实体经济能力
06469;5G首入政府工作获众多机构唱多 产业链7只龙头股腾飞在即
06474;深交所总经理:建议将欺诈发行最高刑期由5年改为无期
06477;瞿时尹:5G发展确定性强 市场空间广阔
06515;工信部与证监会签署战略合作协议
06528;午评:沪指低位震荡跌0.48% 5G概念股逆市上涨
06550;证监会:强化上市公司停复牌一线监管
06555;特斯拉Model3量产在即 产业链股有望爆发(附股)
06570;利好催化5G板块迎黄金布局期 三阶段参与五类受益股
06582;2018年多层次资本市场兼顾扩容与提升质量
06638;《王者荣耀》限玩再升级 概念股亦"受伤"
06640;两融余额走高现增量信号 三行业最受融资客青睐
06662;11省A股上市公司超百家 中西部频出百万奖励
06663;证监会副主席阎庆民:加重欺诈发行刑罚还在研究之中
06675;央企积极实施债转股降杠杆率
06676;欣泰电气行政诉讼案落定法院终审判决证监会胜诉
06687;资本市场也有"好新闻奖"
06711;MSCI提议对持续停牌的A股纳入指数进行更严格把关
06717;中文传媒(600373):传统主业平稳 期待后续《乱世王者》对业绩贡献
06754;通宇通讯(002792):中标中国电信大单,4.5G布网助力公司业绩增长
06765;证券发行与承销管理办法部分条款拟修订
06777;新一代信息通信技术受宠 布局前沿科技板块(附股)
06786;5G板块获机构密集调研近15亿元大单抢筹7只龙头股
06800;通信:5G提升通信板块关注度
06805;全力维护资本市场稳定运行
06815;通信行业:5G三阶段测试启动 商用有望提速
06817;资本市场改革引关注 支持"四新"企业发展居首
06837;吉比特(603444):具有持续爆款研发能力的精品游戏研运一体商 买入评级
06844;证监会对博元投资李晓明处以60万罚款 并终身市场禁入
06865;证监会重修"办法" 强化交易所一线监管职责
06894;杉杉股份(600884)拟20亿元投资新能源汽车产业链
06901;原油期货首日交易额突破百亿元 3亿元大单抢购5只受益股
06928;刘士余主席出席纪念潘序伦先生创办立信九十周年活动
06963;全国证券期货监管工作会议召开 刘士余详解"六稳六进"
06967;深交所:强化交易所一线监管职能 引导理性投资
06981;证监会拟允许外资控股合资券商 单个外资持有上市证券公司股份比例可达30%
07063;商用提速打开5G行情上行路
07081;全球5G网络建设有望加速 关注四类股投资价值
07088;上海证监局:将加大对证券领域违法犯罪打击力度
07094;通信行业:从4G+到5G 小基站 大未来
07108;证券法修订工作或再次延缓 "三读"大概率爽约
07111;五大逻辑透析雄安概念股行情 重要时间窗口四机构深度解盘
07133;资本市场监管脉络明晰 多项改革举措在路上
07137;港元午后为何突然暴涨?
07143;全球首条量子通信干线贯通 概念股前景广阔
07147;宣昌能:优化监管理念提高监管水平
07161;通信行业5G系列报告暨700MHz红利释放畅想系列一:700MHz资源利用箭在弦上
07172;风声越来越紧!P2P又有业务被禁了!
07187;今日视点:我国资本市场开启对外开放新时代
07258;11地证监局今年已开20份罚单 信披违规最多
07287;5G概念傍身 新易盛(300502)4个月股价翻倍
07294;上交所着手规范一线监管程序和标准
07305;机构热议未来金融工作重点:监管或更多强调"先手"
07341;国际货币基金组织、世界银行公布中国"金融部门评估规划"更新评估成果报告
07346;"金融科技与网络安全"专题培训班开课
07347;利好激活养老板块 10只三季报预喜股迎"升"机
07353;证监会就《证券期货经营机构及其工作人员廉洁从业规定(征求意见稿)》公开征求意见
07359;欣泰电气诉证监会案二审的几大看点
07376;华安证券发布"徽赢"客户端 互联网金融业务驶入快车道
07408;证监会投保局副局长黄明:将投资者保护落实到监管工作各环节
07427;张慎峰:增强对科技创新企业服务能力
07439;证监会发挥政府网站作用 促进资本市场稳定健康发展
07481;证监会:打击滥用新概念的非法集资活动
07489;中兴通讯(000063):Pre 5G产品首次突破东南亚最大跨国电信运营商新加坡电信
07501;融资能力迎"大考"
07504;中欧所将发行首批D股 优选符合六大特点公司
07507;体系化构建中小投资者损害赔偿救济制度——黄炜主席助理在2017年国际证券投资者保护研讨会上的发言(2017年8月30日)
07515;姜洋:建设中国资本市场要坚定"四个自信"
07529;快讯:5G概念股受热捧 中兴通讯大涨逾8%创上市新高
07532;证监会举办部分单位学习宣传贯彻党的十九大精神青年座谈会
07550;证券法、房地产税法列入人大预备审议项目 年内或难有进展
07608;欣泰电气行政诉讼案法院终审判决证监会胜诉
07633;航空供需格局持续优化
07645;5G发展迈上新台阶机构密集探访21家公司
07652;1.34万亿元地方债待置换 五六月迎高峰
07664;证监会副主席阎庆民通过证券日报独家寄语:希望资本市场稳步稳健发展
07681;交易所"亮剑"次新股操纵只是强化一线监管的开始
07684;锦富技术(300128)前三季度业绩增长22倍转型物联网产业效果凸显
07687;吉比特(603444):手游爆品推动公司业绩增长
07691;新能源汽车概念持续发酵 龙头强势不改!你更看好谁?
07692;英拓网络(836009)新三板募资1554万元 部份用于云计算产业投资
07697;5G建设投资将超万亿 新三板企业加紧落子布局
07699;2018年5月11日新闻发布会
07709;王建军:以法律保障资本市场改革发展 提案双股权结构
07730;2017年证监会专项执法 剑指四大乱象
07778;手游概念股持续发酵 新瓶装旧酒还是另有玄机?
07781;工信部发布5G系统频率规划 助力5G商用加速
07789;证监会沪深交易所证券业协会有关负责人解答热点问题
07797;撸起袖子抓监管 促进市场生态优化
07826;奢侈品"扮嫩":磁吸新一代消费者
07832;腾讯(00700)股价大涨逼近300港元 机构称其游戏业务优化
07844;证监会:加快推动形成融资功能完备等多层次资本市场体系
07857;VR/AR投资热度不减 构建完善生态圈等待爆发
07861;200多家上市公司停牌 证监会称将完善停复牌制度
07862;新能源汽车集中爆发 概念股当升科技受游资追捧
07873;航空业发展维持高景气度 三季度戴维斯双击可期
07888;煤炭板块走弱 超跌反弹机会仍存
07904;第15届新财富最佳分析师榜单:宏观经济第一名为广发证券郭磊
07907;5G概念股低开高走 太辰光涨停
07955;张野:证监会正在制定行业金融科技发展的指导意见
07965;全国人大代表许安标:证券法修订列入了今年的立修法工作计划
08013;投行筹谋"四新"企业价值挖掘
08021;证监会系统十名代表委员亮相全国两会 资本市场五大改革看点引关注
08023;证监会部署今年首批专项执法案件
08047;人工智能发展规划不断推进 三维度掘金概念股后市机会
08049;游戏股火热 恒大高新(002591)连续涨停
08053;1.2亿投资者"全链条"保护体系已形成
08056;帝龙文化(002247):网游业务快速发展推动业绩高增长
08072;资本市场严监管和强保护齐头并进
08086;证券业开放提速 一周内两外资机构申请控股券商
08110;坚定发展信心 向高质量资本市场迈进
08137;房企今年销售增速收窄 拿地热情回归理性
08148;防沉迷措施或影响《王者荣耀》20%用户量
08156;证监会:七方面完善中小投资者损害赔偿救济制度
08163;CDR渐行渐近 券商跃跃欲试
08248;二线城市"人才争夺战"搅动楼市一池春水
08287;中信建投TMT首席武超则做客e公司微访谈 剖析5G投资机遇
08301;5G概念股再度活跃 中富通等3股涨停
08326;证监会通报查处编造传播证券期货虚假信息案件情况
08333;游戏行业Q4:手游新品值得期待 页游精品霸榜不易撼动
08355;午间机构看市:流动性拐点前期 压力仍在
08369;新闻发布会问答环节
08400;游戏行业业绩分化"页游"转"手游"成亮点
08408;今年首个工作日 地方证监局连发三份警示函
08417;上交所:持续探索资本市场服务"一带一路"建设
08418;投行内控规则出炉 券商需建立"三道防线"
08427;资本市场发展战略须抓好四个方面
08476;VR直播成年度热词 虚拟现实产业前景无限
08481;中国移动(00941)2017年重心转向发展5G
08489;今日视点:防新股"病从口入"必须完善审核
08492;"四位一体"独特机制化解资本市场矛盾 深圳证券期货业纠纷调解卓有成效
08493;证监会发布《公开发行证券的公司信息披露编报规则第19号——财务信息的更正及相关披露》(2018年修订)
08494;证监会:严厉查处证券中介机构违法行为
08496;雄安新区规划公布 专家料投资逾10万亿元
08503;监管规则下发场外期权开启规范化进程
08549;净利润增幅80%股价却跌逾8% 三七互娱(002555)押注泛娱乐缘何遭遇机构抛弃
08554;经济大势仍趋稳  预期一季度GDP增速不减
08566;黄炜:大力推进新时代资本市场法治建设
08579;党中央、国务院决定任命上海证券交易所主要负责人 黄红元出任上交所党委书记、理事长
08585;5G概念躁动 布局通信正当时
08588;以"实"为纲 现代化经济体系谋篇布局
08593;中国结算戴文华:将加强对区块链等金融科技发展的研究
08596;5G板块利好纷至沓来 两角度布局主题性投资机会
08624;"靠天吃饭"局面改善 券商转型正当时
08645;曾苦恼于处罚金额低起不到威慑作用
08687;刘士余称资本市场发展机遇比任何时候都强!还谈了退市、独角兽上市
08688;高新兴(300098):看好中兴物联受益中国电信物联网加速落地
08695;多部门联手"严打"资本市场违法行为 监管合力共同维护市场健康运行v
08726;A股融资余额占流通股市值比例超20%个股一览
08734;5G倒计时基建进入活跃期 中国移动拿20亿元补贴物联网
08801;证监会敲响谨防违规信披警钟 欲揭借"高送转"炒作股价等六种案例
08802;最高人民法院:严惩内幕交易等金融犯罪 审结徐翔等人操纵证券市场案
08808;中证协2017年重点课题研究立项名单发布
08809;今日视点:跨境监管扩容夯实资本市场对外开放之路
08831;土地流转板块迎估值修复机会逾亿元资金涌入15只概念股
08844;更大风暴将至:监管酝酿取缔比特币交易平台
08855;证监会:推动制定《私募投资基金管理暂行条例》
08878;证监会就修订证券交易所管理办法征求意见 将完善停复牌制度
08879;云计算市场进入快速增长期 22只年报预喜股价值凸显
08906;"四新"企业将获更多支持
08919;中信建投武超则:2017年看好5G信息安全等
08939;中兴通讯(000063)参与建造欧洲首个5G网络海外市场加速突破
08952;今日视点:新一届发审委入选难严格把关IPO责任大
08953;特斯拉国产化预期升温 概念股再度活跃
08981;证监会拟推"全覆盖"诚信办法 踩线者将被拒绝入市
08987;严字当头 以稳为主深化改革 三细节透露资本市场监管新动向
09014;深交所就债券质押式三方回购交易及结算办法征求意见
09029;再推5G 券商一周连开三场会议分析产业投资机遇
09050;钛白粉涨声已起但未落地 节后行情被看好
09053;深交所召开理事会监事会年度工作会议:全面深化市场改革 推进产品体系建设
09083;2018年沪伦通启动预期增强
09087;佳创视讯(300264) VR试播项目达到规模后将收费 毛利很高
09103;证监会:坚定不移地推进资本市场双向开放
09112;广东已禁网贷债权转让 各地未跟进:期限错配风险或加剧
09119;列入2018立修法计划 新《证券法》出台箭在弦上
09132;证监会:加快建设富有国际竞争力的资本市场强国
09163;锦富技术(300128):入股天玑股份展开云计算深度合作
09168;中科大教授深夜发文实名举报"量子通信第一股" 九州量子(837638)回应
09201;"证券业金牛分析师"评选启动
09204;证监会发1号市场禁入决定 华泽钴镍董事长被终身禁入
09211;2017年国际证券投资者保护研讨会成功召开
09214;天然气基础设施建设加速
09225;【记者观察】不良资产证券化重启试点 500亿“热粥”怎么“咽”
09243;王会民同志调研督导党的十九大精神学习贯彻情况
09246;千亿帝国新危机 中国联通(600050)净利润暴跌96%的痛苦
09291;王者荣耀获封全球手游冠军 产业链个股全线爆发
09301;"入摩"A股迎外资活水 手游股概念业绩兼备成调研热点
09331;肖钢反思股市异常波动教训:资本市场需要从严监管
09352;大数据和无人机迎来重要行业会议
09360;深沪交易所联合体与达卡交易所签署股权收购协议
09390;资本市场监管路径明晰防风险补短板可行稳致远
09396;宣昌能:各方努力抓好巡回审理办公室建设工作
09397;9家云计算上市公司中期预喜
09401;新规遏制融资伪创新城投债优选现金流
09434;以风险监管为导向 深圳资本市场安全网建设向纵深发展
09478;证券基金业提升服务实体经济能力:突出主业 规范发展
09501;证监会:股市谣言危害大 一旦发现造谣者必定严惩
09525;防范债务风险
09546;运营商推进5G试验 设备商受益尚需时日
09560;公募FOF严控双重收费 基金内部FOF或先行
09574;最高检:坚决查处兴风作浪的"金融大鳄"和搞权钱交易的"内鬼"
09585;杨成长:关注金融防风险措施引发的市场变化
09644;上交所徐毅林:加强异常交易行为一线监管
09685;证监会盯上疯狂的ICO监管落地难度不小
09735;智飞生物(300122):首批4价HPV疫苗获通关单 距上市更进一步
09767;证监会:2017年共办结人大议案建议154件和政协提案137件
09770;我国资本市场由"初级规范期"进入"深度规范期"
09788;证监会发布2018年度立法工作计划
09799;5G概念成"香饽饽"机构买入中兴通讯
09813;通信股"井喷" 5G概念走强
09835;证监会通报证券行业"自查自纠、规整规范"专项活动现场检查情况
09860;福晶科技(002222)快速攀升
09862;雄安将成中国电信5G示范网试点地区
09864;资本市场改革措施将继续深化
09892;注册制授权决定实施期限拟延2年
09932;易纲:5月1日起股市互联互通每日额度扩大四倍 争取年内开通沪伦通
09949;发挥直接融资功能 推动增长动能转换
09955;发布5G端到端整体解决方案 中兴通讯(000063)称公司5G份额将超4G
09956;PPP"新常态"下 完善银企合作机制
10066;公募基金积极布局5G主题
10087;一站式资产配置系统上线 平安证券抢滩智能财富管理
10122;2017年证监稽查20起典型违法案例
10142;5G板块利好不断 此时布局正当时
10170;招商证券:腾讯(00700)手游增长动力才刚开始
10179;证监会就《存托凭证发行与交易管理办法》公开征求意见
10205;深交所副总经理李鸣:今年以来深圳证券市场体现平稳态势
10207;区域股权市场将成多层次资本市场坚实塔基
10239;证监会发布2018年立法工作计划
10247;中国移动5G试验全面启动 将逐步进入产业化阶段(受益股)
10287;证监会党委传达学习中央经济工作会议精神
10296;证监会部署今年专项执法首批案件 剑指股市"黑嘴"
10309;住房租赁对接资本市场 "跨市场新政"好戏连台
10369;资本市场明确接纳新经济企业"路线图"
10387;证监会划定下一阶段投资者保护重点
10423;基础化工行业研究:PTA与丙烯酸盈利能力增强 制冷剂价格大涨
10430;证监会:公募基金为投资者创造显著回报
10448;申万菱信新能源汽车主题(001156)增聘任琳娜为基金经理
10461;完善法律法规 堵住网络"黑嘴"
10508;股票发行注册制改革授权期限获准延至2020年
10512;律所日益发挥资本市场"看门人"作用
10524;设立金融法院:金融法制改革一大步
10535;97次"改革"勾勒中国经济新图景
10550;大国金融:功能发挥与有效监管
10583;资本市场对外开放将深入推进
10597;完美世界(002624)完美的世界,精品成就娱乐王国
10611;上交所推出三方回购 拓宽金融机构融资渠道
10618;证监会:推动资本市场持续稳定健康发展
10622;2017年全国证券期货监管系统年中监管工作座谈会在京召开
10640;隆平高科(000998)新品种大批量过审
10649;证监会新闻发言人高莉就"沪伦通"事宜答记者问
10729;增强对外开放透明度 上海发布全国首张金融业负面清单
10730;证监会对两宗案件作出行政处罚
10733;游族网络(002174)深度报告:17年游戏产品储备丰富 大IP战略迎来价值释放期
10734;聚焦资本市场强国战略 为新时代经济改革出谋划策
10752;两因素助推大数据板块崛起三指标筛出8只优质成长股
10774;资本市场改革变奏:回归国情 不再聚焦注册制
10796;英内物联(837970)新三板募资1.59亿元 部分用于偿还银行贷款
10824;证监会定明年四重点工作 加快发行制度改革
10874;证监会:对欺诈发行绝不姑息迁就
10875;5G概念股拉升走强 中通国脉涨超5%
10902;证券投资者保护工作深度广度"双扩"
10909;从狂热到寒潮:2016年VR发展不及预期 14位专家评判平均分68分
10911;人民日报海外版:中国资本市场魅力不断增强
10919;大资管合规发展还需更多政策呵护
10947;阎庆民:从刑事行政民事方面完善投资者权益维护
10961;资本市场服务脱贫攻坚成效初显
10963;首家军工科研院所转制获批 鼓舞板块人气 11只绩优军工股吸金逾2亿元
10967;证监会发布修订后的《证券交易所管理办法》
10995;5G研发和标准化步入攻坚阶段 机构集体推荐9只潜力股
10996;收评:两市小幅收涨 5G概念股表现强势
10998;国务院发文力争2020年启动5G商用机构集体看好7只受益股
11012;<证券交易所管理办法>正式修订完善内部治理促进一线监管
11025;证监会组织开展"理性投资 从我做起"投资者教育专项活动
11026;上交所与布交所签署谅解备忘录
11033;李超在资本市场助力脱贫攻坚交流会上提出:严把质量关 支持贫困地区企业IPO和并购重组
11079;立讯精密(002475):已在5G领域布局 预计今年将有成效
11100;中国电信NB-IoT在山东全面商用 关注相关概念股
11133;三要素决定农业股反弹高度 6只龙头股吸金近4亿元
11143;证监会将有序推进监管科技试点和应用
11153;5G概念股快速拉升 太辰光涨停
11183;坐拥世界最大市场 A股游戏公司高增长可期
11206;物联网或将成为5G最重要的应用场景(附股)
11238;"墨子号"卫星亮绝技 主题性投资机会受青睐
11301;科士达(002518):充电桩业务将在公共交通领域有突出表现
11305;多管齐下 构筑投资者保护安全网
11318;证监会:保护好投资者尤其是中小投资者的合法权益
11331;租赁试点方案相继出台 我国房地产市场"轻租重售"正在改变
11344;强化监管合力 筑牢资本市场"防火墙"
11354;证监会:全面提升证券基金行业服务实体经济能力
11358;今日视点:在阳光下做事有助于提高依法行政公信力
11384;姜洋:要稳定社会 必须要稳定资本市场
11392;中证协修订IPO网下投资者管理细则
11397;三七互娱(002555):海外市场份额持续提高 手游业务营收增长迅猛
11411;4G渗透率不断攀升 移动运营商利润率有望改善
11421;雄安新区全面建设启动:规划纲要落地 布局高新产业
11432;平安信托总经理：“冬天”里的信托业转型“迎春”
11439;"投资者保护·明规则、识风险"专项活动第四阶段正式启动
11442;中国5G技术有望引领全球
11466;证监会就《证券公司和证券投资基金管理公司境外设立、收购、参股经营机构管理办法》公开征求意见
11481;可燃冰能源战略地位被肯定中集集团等8只龙头股迎升机
11491;中国证券期货监管制度总体符合国际标准要求
11507;刘士余宣讲党的十九大精神并调研督导系统学习贯彻情况
11509;"五穷六绝"会否上演 解构A股市场的"五月魔咒"
11515;刘士余:稳步推进创新和优质企业上市
11543;把脉会诊 建言献策 政协委员热盼资本市场改革再上新台阶
11553;券商资管规模扩张轻踩刹车 去通道效果尚需时间检验
11573;中国证监会与新加坡金管局举行第二次证券期货监管圆桌会议
11580;姜洋:坚持以人民为中心的发展思想建设资本市场
11603;对接新经济 <证券发行与承销管理办法>修订版出炉
11615;最高检:加大力度打击证券期货犯罪
11628;高层再点名"沪伦通" 业界预计或好事将近
11664;"石油人民币"破茧而出 9只受益龙头股逆市吸金逾2亿元
11672;证监会18个问题解答CDR试点等事项 试点符合<证券法>并将制定配套规则
11697;中国基金业协会发布证券投资基金投资流通受限股票估值试行指引
11701;证监会副主席姜洋:对资管和上市公司将实行穿透式监管
11717;快讯:5G概念股躁动 京信通信股价上涨超5%
11737;首届大发审委本周一到任 审核更关注这些问题
