00002;世贸组织大幅上调今年全球贸易额增长预期
00047;腾讯(00700)《绝地求生》正版手游陷内部授权之争
00063;中国拟设10到20个海洋经济示范区 积极发展海水淡化
00087;海南全岛实施现行自由贸易试验区所有试点政策
00095;娱美德总裁徐元一:热血传奇IP至少值10亿美元
00149;周小川行长率团出席二十国集团财长和央行行长会议
00173;国家知产局:中国始终坚持对国内外企业知识产权同等保护
00262;特朗普套路渐清晰 美国欲借WTO再向中国发难
00285;李克强:将继续优化外商进入中国市场的准入和审批程序
00316;朱光耀:中国外汇储备运作遵循三大原则
00317;中美多面博弈 贸易摩擦或步入高频发时期
00323;天然气:3月进口LNG同比增长63.48% 成为今夏市场之殇
00336;博鳌亚洲论坛2018年年会闭幕
00379;新时代全面深化改革开放的新标杆
00408;中钢协:美国总是给我们找麻烦,我们也要找他的痛点
00417;服务贸易多项政策红利落地在即
00478;商务部:有底气、有信心应对任何贸易投资保护主义措施
00513;建筑装饰行业周报:推荐高确定性的生态园林和专业工程
00522;习近平会见世界经济论坛主席:扩大开放的承诺将言必行、行必果
00572;世贸组织警告全球贸易壁垒存在上升风险
00614;美方称将推进加征关税中方回应将大力度反击
00636;今日视点:期货市场国际化版图清晰"引进来""走出去"并举
00684;多边贸易体系不容肆意破坏
00709;外贸回稳向好 增长潜力将继续释放
00808;中国外交部谈蒂勒森被解职:愿同美方继续保持合作态势
00841;贸易保护阻碍全球价值链重塑
00906;商务部:抓紧研究河北自贸区总体方案
00911;OECD预计贸易将使今年全球经济成长率提高到七年高位
00949;商务部:中国将坚定不移地在开放环境实施"中国制造2025"
00978;完美世界(002624) 海外业务有望成新引擎
00996;美国或于本周公布对华产品征税建议清单
01048;布拉德利·哈弗森：重塑卡特彼勒
01100;外交部:中方不想打贸易战 劝美方没必要非撞上南墙再回头
01167;直播:十三届全国人大一次会议新闻发布会
01214;中国国际商会强烈反对美方拟对华采取的贸易投资保护主义措施
01221;美国债务首次触及21万亿美元
01230;美国国务卿蒂勒森称北美自由贸易协议亟待改革
01249;中钢协:积极应对美国挑战 不怕贸易战、不会束手无策
01295;外交部回应美限制进口钢铁和铝产品:让子弹乱飞无益
01388;完美世界买百度文学吃“回头草” 百度3年赚8亿
01406;反击美国 中国将橙汁、威士忌列入加税清单 打中特朗普的"七寸"
01422;总理释放外商投资"强信号"
01464;加强和改善党对全面深化改革统筹领导紧密结合深化机构改革推动改革工作
01476;中美能源阴影下的中美油气投资机会
01502;外交部:希望美方不要做进一步损害外国投资者对美国商业环境信心的事
01556;美联储威廉姆斯:应该坚持渐进加息的计划
01620;"自贸区卓越指数"指标体系在上海财经大学发布
01644;G20会议代表探讨扫除贸易保护主义
01658;美国发布清单建议对价值500亿美元中国产品征收额外关税
01667;十九大后的首次"春天之约"——写在全国两会召开之际
01671;国资委主任肖亚庆:2018年要加强市值管理增加股东回报
01698;中美贸易摩擦对中国经济会产生多大影响?发改委回应
01875;特斯拉公布上季度财报 Model 3今年9月量产
01883;这个会展不一般 中国国际进口博览会筹备进入"加速跑"
01894;中国正式启动对美"贸易反击"
01956;外交部:欢迎美方来访就中美经贸问题进行对话磋商
01957;博鳌亚洲论坛:"中国正成为全球贸易体系稳定器"
01961;美延长增税商品公示,我商务部:谈判必须平等
01976;刘鹤访美谈中美经贸摩擦:双方都认为应合作而非对抗
01985;商务部:拟对自美进口部分产品加征关税
02028;英国怒拒欧盟"脱欧"草案
02037;特朗普对中国做出重大让步!同意就301征税与中国进行磋商!
02048;欧盟公布脱欧协议 明确要求北爱尔兰留在欧盟关税同盟
02060;国家统计局新闻发言人就2018年4月份国民经济运行情况答记者问
02205;"互联网+"激发外贸新活力
02246;外交部谈中美经贸摩擦:若美方任性妄为 中方必将严阵以待毅然亮剑
02252;中国经济新开放谱写经济全球化新乐章
02254;白明:今年自贸港政策或有实质性推进
02314;油价创三年以来新高 油服设备业景气望回升
02356;中国一季度GDP料增长6.9%左右 二季度将出现回落态势
02367;中美前高官及商界北京聚论经贸"解结"
02374;上半年深圳无人机出口较上年同期增长近一倍
02429;自由贸易港政策持续性催化 港口等三类公司价值凸显
02446;"一带一路"倡议第5年 中央部委和地方提出这些新打算
02447;2017天府金融论坛在蓉举行
02472;流程去繁就简 效率显著提升——"互联网＋海关"助力中国更好拥抱世界
02541;基础化工行业周报:山东推进新旧动能转换工程,PA66、制冷剂继续上涨
02571;商务部正在会同有关部门积极研究扩大进口政策措施
02585;中共中央政治局会议要求推动信贷股市债市汇市楼市健康发展
02588;2017年前三季度海洋经济运行情况
02618;海南自由贸易港建设或分三阶段推进
02630;沙特狠砸35亿 Uber G轮融资已达60亿美元
02635;商务部:中美贸易摩擦目前未进行任何层级谈判
02677;特朗普要求考虑对1000亿美元中国商品加征关税
02678;商务部:2018年中俄贸易有望站上千亿美元
02702;新兴力量正主导液化天然气市场需求
02813;中国扩大开放新举措与中美贸易战有关?中方回应
02822;李克强:中国将全面放开制造业 扩大金融业开放(全文)
02835;报告:预计今年一季度GDP增长6.8% CPI上涨1.4%
02838;美国对中国产铸铁污水管发起"双反"调查 调查一年增涨八成
02855;全球手机游戏市场总规模将在2017年达到1050亿元人民币
02876;商务部回应美对华301调查征税建议:将对美产品采取对等措施
02891;李克强:打贸易战没有赢家"中国制造2025"对内外资企业一视同仁
02942;石油蓝皮书:"一带一路"倡议将助中国成品油出口渠道多元化
02947;博鳌亚洲论坛与会外方领导人称赞中国改革开放政策举措是世界福音
02967;新举措相继落地实施 中国扩大开放按下"快进键"
02987;美国能源行业网络安全政策新动向
03009;大宗商品超级周期成过去式 拉美企业瞄准中国餐桌
03098;消费增长、外需向好等是中国经济主要增长动力
03108;欧盟代表:英国对未来英欧关系表态的时候已到
03124;习近平:中国自主扩大开放新一轮举措将尽快落地
03133;供给侧要改革 中国外贸战略必须转型
03135;易纲说中国金融风险总体可控
03164;商务部:鼓励银行业金融机构加大进口信贷支持力度
03202;特朗普以国家安全为由终止半导体领域最大收购计划
03203;自由贸易港呼之欲出
03204;习近平出席博鳌亚洲论坛2018年年会开幕式并发表主旨演讲 宣布中国扩大开放新的重大举措
03214;习近平主持政治局会议 分析研究当前经济形势和经济工作
03222;李克强:中美要打贸易战的话对双方都没有好处
03225;博鳌论坛三大报告发布:新兴经济体增速提升 仍需防范多种溢出效应
03234;杂交稻种出口面临瓶颈 业内呼吁应积极调整出口策略
03272;天津将打造自贸试验区升级版 积极申报建设自由贸易港
03338;特朗普称将很快宣布与金正恩的会面日期和地点
03346;通信:5G进度再超预期
03382;【记者观察】接近收购Supercell 腾讯游戏帝国梦仅一步之遥？
03399;美方一意孤行挑起贸易摩擦 将承担这五个严重后果
03435;崔天凯回应美301调查:中方将以同样规模金额强度回击
03457;营改增红利加速释放助推"中国制造"再升级
03535;自贸港开放规模和力度或将史无前例
03575;《美股业绩》特斯拉上季亏损收窄 仍逊预期
03583;中国无人机生产线落户沙特
03589;国务院总理李克强会见中外记者并回答记者提问
03606;中国无人机亮相白俄罗斯军工展
03610;中美贸易摩擦不改资本市场长期稳定
03611;英特尔何京翔：创新机遇是中国的，也是世界的
03628;中国强迫美国企业转让技术?商务部:该指责毫无道理
03660;海南全面深化改革开放指导意见发布
03674;海南成为开放新标杆 "一区一港"版图敲定
03675;多边贸易体制正在经历风雨考验
03679;投资百老汇？也许只是富豪在砸钱粉饰门面
03767;习近平:中国扩大开放言必行行必果
03834;商务部部长钟山:中国不会在别国挥舞"大棒"压力下被动开放
03844;美智库推演贸易战:特朗普铁杆票仓 将受重创
03871;展望报告:2018年东亚经济将增长5.4% 2019年5.2%
03968;WTO初裁美对华11项 反补贴措施全部违规
03978;从《变形金刚》到《权力的游戏》 中国游戏公司争抢海外IP
04050;日海通讯(002313):拟与美国艾拉合资 推进"云+端"物联网战略
04124;美国各界抨击特朗普政府保护主义政策:严重错误
04141;商务部:已做好充分全面准备 一旦中方利益受损将坚决出手
04160;习近平会见博鳌亚洲论坛理事长潘基文时表示:自主扩大开放新一轮举措将尽快落地
04200;深化自贸区改革试水自贸港建设 多地将高标准开放列为今年重点
04207;中国海洋经济发展指数发布 16年海洋生产总值同比增长6.8%
04225;复苏同步性回落 流动性溢价上升 ——2018年宏观经济与金融市场前瞻
04233;欧盟官员反对库卡被收购 美的回应“不以退市为目标”
04295;美国副总统称已做好再次打击叙利亚的准备
04323;重磅!中央深改委第一次会议就定了金融监管这些大事
04335;G20专家柯顿：G20杭州峰会要打造绿色金融机制
04339;商务部新闻发言人就中方应邀派团赴美进行经贸磋商作出回应
04394;贝克休斯:美国石油活跃钻井增加
04400;韩正:中国把增速目标调到6.5% 是对经济规律的科学把握
04434;李克强回应中美贸易摩擦:对别人关上门也就挡住了自己的路
04443;商务部:到目前为止在中美经贸摩擦问题上没有任何层级的谈判
04460;商务部下达出口配额逼近4000万吨 中国成品油出口能力何时井喷
04461;易纲行长出席二十国集团财长和央行行长会议
04540;踢掉经济军师科恩 特朗普擂响关税战鼓
04574;中国石化管理层:中美贸易战对油价影响还需观望
04636;习近平同出席博鳌亚洲论坛2018年年会的中外企业家代表座谈
04664;自由贸易港呼之欲出 从"新名片"到"新高地"
04665;自由贸易港建设上海先行 各地发展路线图渐明晰
04726;国务院副总理、中美全面经济对话中方牵头人刘鹤将应邀赴美磋商
04728;这一次美联储加息后新兴市场并没有跟进
04752;IMF停止上调全球增速预期 预计中国经济2018年增长6.6%
04775;G20财长会强调坚持贸易对话
04874;宁吉喆:大范围吸引外资进入
04891;人民日报:发展国产芯片 这事不能再拖了
04940;深化广东天津福建自贸试验区改革开放
04955;中国3月增持美债110亿美元 总规模创五个月新高
04959;IMF报告:全球化助力知识技术跨境传播 新兴市场经济体受益多
05097;李克强:中国对外开放的大门将越开越大 打贸易战没有赢家
05106;发改委:支持香港全面参与和助力"一带一路"建设
05107;美中各寻盟友帮兵助阵 看上去铁心要打持久战
05116;特朗普税改"第二阶段"要来了?
05176;全球工商界北京共话中国"一带一路"建设
05244;外管局:拟增加QDLP和QDIE总额度 持续推进股市和债市对外开放
05262;刘鹤:中国已经做好准备 有实力捍卫国家利益
05263;钟山:2050年前全面建成经贸强国
05269;国家统计局:中国将给世界带来更多的开放红利
05297;国家自主创新示范区扩容 宁波等入围
05318;腾讯(00700)推迟王者荣耀海外版在北美的发行日期
05329;张燕生:中方贸易回应的空间比较大,双方要有诚意
05388;外交部:当前中美关系处在十字路口 希望美国不要逆潮流而动
05401;李克强:中日经济互补性很强 将商签本币互换协议
05433;发改委:正研究批复9家央企下属企业混改试点方案
05471;人民币连贬两日 仍将维持双向波动
05520;干货 一文读懂总理记者会
05527;国开行与巴油签署50亿美元石油贸易融资协议
05589;中国外汇储备连升11个月去年年末达3.14万亿美元
05608;特朗普本周公布对华的关税清单 目标是科技产品
05688;国资委:审慎规范开展金融业务 杜绝盲目开展金融投资
05698;多管齐下推动形成全面开放新格局
05716;美国重返TPP又生变 特朗普发推:不喜欢"意外太多"
05810;海南吹响新一轮改革开放号角 20余条高含金量举措打造新高地
05851;逾千美国经济学家发联名公开信反对贸易保护主义
05853;新华社:如果有必要中国必然还会出台更新的贸易战反制措施
05862;美国石油钻井机增至800台,为2015年以来首次
05883;杨洁篪应约同美国国务卿蓬佩奥通电话
05904;情报立场分歧大 CIA前局长与特朗普团队分道扬镳
05911;中美经贸磋商就部分问题达成共识 双方同意建立工作机制保持密切沟通
05945;商务部条法司负责人就美发布《特别301报告》做出回应
05968;深改委要求规范金融机构资产管理业务
05987;社科院:今年中国经济预计增长6.7%左右
05994;"互联网+易通关"助力跨境电商
05998;美国推可持续大豆认证 称挖掘价值为企业使用
06068;上海部署自贸区改革工作五大方面将有新突破
06069;外媒:美策动贸易战或使全球GDP下降1% 重击国际价值链
06088;推动信贷股市债市汇市楼市健康发展
06099;贸易战打响第二天 美国财经大咖集体走进钓鱼台
06108;打脸?特朗普下令研究重返TPP 上台一周就曾退出
06109;天然气消费年增17% 财政部减征资源税"发力"页岩气
06154;粤闽津自贸区三年试验窗口期来临
06158;美国石油钻井总数连续七周录得增加
06162;商务部:中美贸易利益 总体比较平衡
06165;魏建国:正研究第二批、第三批中止减让产品清单 比如飞机、芯片
06176;周小川:中国主张贸易多边主义 反对贸易保护主义
06182;中国今年前三季度海洋生产总值5.5万亿元
06190;美国上百家行业协会警告美政府勿对中国商品加征关税
06223;特斯拉股价盘初跌超3% 报341.55美元/股
06236;发改委:今年经济增长6.5%可以实现
06256;5G概念集体大跌 中通国脉跌逾8%
06286;发改委:中国未来消费市场前景非常可期
06287;中美正就下一步磋商安排保持沟通
06295;习近平主持召开中央全面深化改革委员会第一次会议强调 加强和改善党对全面深化改革统筹领导紧密结合深化机构改革推动改革工作
06305;中美签超级大单 中国将大幅放宽金融业准入
06312;G20峰会公报未提贸易保护 加密货币监管亦未明
06315;华交会推出促进"一带一路"贸易发展三年行动计划
06328;党报海外版:美方表态有积极因素 但要听其言观其行
06330;特朗普将签署针对中国贸易备忘录 外交部回应
06409;2017年中国水产品进出口贸易创新高 贸易顺差收窄
06462;贸易战下美墨加仍"情投意合" 因为有能源这一"法宝"
06501;韩正:对经济高质量发展充满信心
06514;中国游戏公司 竞逐好莱坞IP
06564;天然气市场陷争夺战 俄罗斯要欧洲选边站
06575;外交部发言人回应美拟对华采取贸易限制措施
06657;李克强总理会见采访两会的中外记者并回答提问
06658;易纲:中国将进一步推动改革扩大开放
06682;新华社:"耍横"做不成好生意 美国贸易保护政策本质上是经贸"霸凌"
06699;构建卓越指数,FT账户扩容:上海自贸区改革还有哪些大招
06710;人民银行与香港金管局续签4000亿人民币双边本币互换协议
06802;人民日报:美国贸易"生病" 别让中国"吃药"
06877;央行:加大金融业对外开放措施年底前实施到位
06898;调查显示美国本轮经济扩张或于2020年结束
06899;朱小丹:国务院正就大湾区规划作最后修改 料5月上旬公布
06927;美国天然气发生历史性巨变 正在改变全球市场
06941;国资委主任:贸易保护没有出路 欢迎外资参与中国混改
06974;中央出台举措支持海南全面深化改革开放
06975;新华社:美国政府关门"小风波"后隐藏债务“大风暴”
07096;李克强:贸易冲突没有赢家 坐下来对话谈判才能找到解决办法
07118;世界经济全面复苏带动全球贸易强劲增长
07125;宁吉喆:房地产长效机制正在紧锣密鼓制定
07169;财政部副部长:推进房地产税立法和实施
07178;甲骨文密谋大手笔收购 680亿美元现金储备可能还不够
07210;中美贸易争端如何解决?商务部:不要拿中国当借口
07211;特斯拉正与上海协商建厂事宜 商务部;大幅放宽准入
07220;商务部:中美还没有开始任何有关301调查及美国关税清单的谈判
07265;商务部:中英将共同建设雄安金融科技城
07275;伊核协议变数推高国际油价 今年仍有上行空间
07292;贸易战"两败俱伤"更"殃及池鱼"
07299;美国财长努钦:美国有望与中国就贸易战签订"停战"协议
07334;美运营商加快5G布局 移动宽带迎重大机遇
07366;加强知识产权保护 倒逼企业拒绝"简单模仿"
07381;楼继伟谈中美贸易战:要我来打肯定先打大豆汽车飞机
07419;外交部:保持中美经贸关系健康稳定发展 符合世界的利益
07463;迟福林:海南在旅游领域将实行自由贸易政策 零关税
07471;海南地产调控"壮士断腕"房地产投资逻辑生变
07680;中国祭出增强油气"话语权"组合拳
07694;辽宁自贸区沈阳片区将试点开展再制造业务
07765;积累5G频谱资源 AT&T 12.5亿美元收购Straight Path
07796;成品油出口今年将持续加量
07821;《王者荣耀》卖皮肤日流水1.5亿 中国玩家正把全球游戏产业带入转折点
07825;商务部:美方对中国加征关税 是公然违反其世贸组织国际义务
07830;中蒙最大陆路口岸1月对蒙进出口贸易值达12.6亿元
07838;FXCM福汇:OPEC再平衡策略 难敌美元走强+产量增长
07841;中方将以同样规模金额强度回击美301调查 外交部表态
07912;一季度天津液化天然气进口同比增长四倍达140万吨
07929;中国12强:上海超北京成最强城市 深圳广州成创业型城市
07943;博鳌亚洲论坛2018年年会今日开幕 有五大看点
07999;习近平应约同美国总统特朗普通电话
08042;《王者荣耀》手游火爆 腾讯(00700)Q2营收有望同比增长50%
08092;证监会严查上市公司财务造假 雅百特遭顶格处罚
08115;商务部:中美尚未就301调查进行任何双边谈判
08161;第十轮中美工商领袖和前高官对话在京举行
08166;自贸港将破土 自贸区将"拓新"
08222;赣锋锂业(002460):中美贸易战对公司的经营没有影响
08239;外交部长王毅:选择贸易战是抓错药方 损人害己
08241;成品油全年出口或再创新高
08283;墨经济部长:更新北美自贸协定谈判或于5月达成主要协议
08306;页岩气大发展需要系统性配套政策
08311;上海自贸区将重点在互联网等领域放宽外资准入
08424;李克强:中英要加强发展战略对接 扩大双向开放
08448;财政部:下半年财政收入增幅可能有所放缓
08467;特朗普:与多国都在进行贸易谈判 结局将圆满
08485;中央政治局提出加快调整结构与持续扩大内需相结合 推动信贷股市债市汇市楼市健康发展
08506;ACC发声:中美贸易战对两国塑料和化工行业构成威胁
08509;《外国投资法》送审稿上报 总理释放外商投资"强信号"
08543;商务部:中方已收到美方希望来北京进行经贸问题磋商的信息 表示欢迎
08546;新华社:李克强提出"中日韩+X"合作新模式
08597;贸易战第二枪打响?特朗普向欧盟"放狠话" 商务部长又"撒把盐"
08607;外汇局局长:坚持跨境交易"留痕"原则 加强穿透式监管
08646;受国内外监管压力 2017年中国境外直接投资11年来首次下滑
08667;我国前4个月货物贸易进出口同比增长8.9%
08771;中方认为美国"301条款"挑战多边贸易体制
08787;连连支付朱晓松:一带一路推动跨境支付新发展新机遇
08791;发改委副主任宁吉喆:大幅度放宽市场准入 中西部、东北将成开放新高地
08806;外交部回应美贸易清单:谈判磋商绝不是一方居高临下地提要求
08807;发改委:加强和改进对制造业的金融支持和服务
08812;百位专家报告:服务业吸收外资需进一步优化
08848;自由贸易港主题成最强风口 20份机构研报勾勒布局图
08895;人民币国际化驶上"高速公路"
08914;腾讯(00700)拿了全球营收头筹 助攻手不只《王者荣耀》
08925;中国驻美大使:应警惕有人在中美间设置"玻璃幕墙"
08960;博鳌亚洲论坛学术报告:亚洲各经济体需协作深化金融改革
08982;中美"贸易战"让人感到如此不安 原因是没有把精力放对地方
09049;发改委:加大内地对香港开放力度 推动CEPA升级
09070;鲍威尔:将进一步渐进加息 美联储官员预计今年将加息三次
09090;仇保兴:消费税会先于房地产税出台 对房价起直接作用
09108;生态环境部:搭建"一带一路"绿色供应链合作平台
09109;高盛预计2018年全球石油需求将保持强劲
09139;李克强:扩大开放是中国自主的、必然的选择
09151;全球债务处历史高位 IMF呼吁各国应未雨绸缪
09183;习近平应约同特朗普通电话:努力把半岛积极势头保持下去
09253;特斯拉周三盘后发布2016年第四财季业报
09257;商务部:积极推进原油进口体制改革
09282;博鳌的"一带一路"热
09283;印尼"国际油气展"开展 中石油印尼业绩受瞩目
09336;贸易大战令中美汽车产业面临挑战
09341;发改委:外商投资负面清单将大幅度减少对投资的限制
09350;AMRO预测2018年经济增长:东亚5.4%中国6.6%
09363;微软能被“领”成社交达人吗
09449;习近平宣布中国扩大开放新的重大举措
09474;重磅!习近平宣布 建设一带一路中国要干这些大事
09551;中国工程院院士做客哈工大"科学家讲坛" 讲述"一带一路"油气工程的机遇与挑战
09604;第二批成品油出口配额大幅提升 成品油板块正面临最佳交易机会
09617;周五国内成品油价上调概率加大
09636;中美有无谈判可能?商务部刚刚做出重磅回应 来看七大关键点
09705;特朗普再次扬言对进口钢铁征税
09747;中美经贸磋商就部分问题达成共识双方同意建立工作机制保持密切沟通
09818;汽车行业整体影响不大 零部件出口企业恐被波及
09863;"贸易战"第二天 楼继伟、库克等多位大佬在钓鱼台发声!信息量太大
09876;农业对外合作部际联席会议:不断提高我国农业国际竞争力
09880;特朗普想重返TPP 日澳有点为难
09887;将资本市场持续健康发展的期许落实好
09894;国家统计局新闻发言人就2018年1-2月份国民经济运行情况答记者问
09920;下班先去加油 油价要涨了 加满一箱多花2块钱
09940;习近平会见世界经济论坛主席施瓦布
09948;商务部:如果美国公布新增1000亿征税清单 中国将立刻大力度反击
10045;国际油价8日下跌
10132;报告建议出台2018年民间投资启动的系统方案
10193;外资持股证券基金期货公司比例放宽至51% 三年后不受限制
10201;美国45个行业协会上书 呼吁特朗普暂停对华关税计划
10225;英国"脱欧"前路漫漫
10259;评论：新时期走入非洲 中国企业需要更多艺术策略
10265;中美业界探讨大数据发展与应用
10268;美国原油产量创新高
10321;商务部:希望美方尽快撤销违反世贸组织规则的措施
10377;2016年全球手游市场营收达406亿美元 占据数字游戏市场半壁江山
10420;中方同意加快"沪伦通"准备愿适时审视启动时间安排
10437;新华社刊文追问海南全域限购:权宜之计还是长久策略?
10497;中方代表团下周访美 双方寻求共识打开新窗口
10539;新华时评:以损人出发 必将以害己收场
10540;特朗普称将对进口钢铁和铝分别征收25%和10%的关税
10617;2021移动AR成主要驱动力 市场或达1080亿美元
10647;李克强考察上海自由贸易试验区:上海要不负众望 打造自贸区"升级版"
10663;崔天凯谈反制美国301措施:不打无准备之仗
10676;原油期货上市加速石油战略储备 能源贸易股迎来利好
10682;韩正出席中国发展高层论坛:对经济高质量发展充满信心
10690;报告认为:"新转型"将重塑中国与世界经济的关系
10741;一季度印度动力煤进口量同比增15%以上
10792;人民币汇率下调空间有限
10797;韩正:最大限度减少政府对市场经济的直接干预 贸易保护主义没有出路
10800;王毅谈2018年期待世界的三"多"三"少"
10805;美国Verizon宣布明年将在3-5个城市推出5G
10862;美国财长努钦:正考虑前往中国谈判 解决贸易争端"谨慎乐观"
10863;中国进口美国原油或放量
10884;直播:国新办就中美贸易有关情况举行吹风会
10927;科技部公布2017年独角兽名单 蚂蚁金服、滴滴、小米位列前三
10941;商务部:2018年原油非国营贸易进口允许量14242万吨
10950;英首相回国之际放狠话 即使经济下滑脱欧也要一脱到底
10971;美国财政部再次认定中国未操纵汇率
10997;中国经济一季度成绩单今日揭晓 三大焦点值得关注
11009;特斯拉在上海建厂与否不影响中国对外开放步伐
11073;中美谈判据悉因高科技行业的问题不欢而散 贸易战担忧暂缓但争端还会继续
11075;美联储加息节奏或加快
11080;中国海洋经济发展指数发布 2016年海洋生产总值同比增长6.8%
11130;新版TPP剔除争议 美国想吃回头草不容易
11136;上海自由贸易港方案细节来了!税收优惠等方面可能有大动作!
11141;陈天桥1亿美元捐款震动中国科学界
11151;习近平主持召开中央全面深化改革委员会第一次会议
11152;中国驻世贸组织代表:美国钢铝关税与"国家安全"无关
11163;默克尔闪烁其词 库卡收购案意在对等投资环境
11209;刘鹤与美国财政部长姆努钦通话
11218;易纲行长出席第37届国际货币与金融委员会会议
11253;商务部:2017年中印双边贸易额达844亿美元 创历史新高
11271;收集情报 美全球鹰无人侦察机抵达日本横田基地
11320;美国就所谓中国技术许可要求向世贸组织提出磋商请求
11399;自贸港呼之欲出 上海迎创新"压力测试"
11413;博鳌亚洲论坛2018年年会今日起举行 两千多位各国嘉宾将共商合作共赢大计
11415;中国首部石油蓝皮书发布:成品油市场需求增速将逐步放缓
11443;特朗普首访加州 遴选最强边境墙
11518;中国发出对外开放 最强信号
11567;海南实施全域限购:不能让楼市投机坏了"百年大计"
11568;第三批自贸区挂牌满一年 经验已上报
11627;IMF的担忧
11658;美国本轮经济扩张或于2020年结束
11660;中美贸易摩擦:中国反击美国 为何先拿坚果开刀
11704;商务部部长:中国不希望打贸易战 也不会主动发起贸易战
11706;特朗普:代表团将赴中国去解决巨大贸易逆差问题
11718;习近平出席2018博鳌论坛前瞻 三大看点值得关注
11732;李克强:扩大电信、医疗、教育、养老、新能源汽车等领域开放
