00216;物联网和智能化推动零售业变革
00897;谷歌母公司Alphabet人机送货服务最大问题:无人机坠毁
03026;感恩节、黑五推动美国零售销售额至历史新高
04365;淘宝要把VR玩出啥花样?推出Buy+后又要做VR直播
04387;跑道鱼、蚊帐菜……"穿越"G20峰会 杭州打造"舌尖天堂"
04524;阿里CEO张勇：推倒零售“柏林墙”
05021;2016年全球移动应用收入达350亿美元 手游占比超八成
05170;"商超争霸"下半场对决火力全开 业绩目标从千亿升级到5000亿
05209;京东方(000725)发布物联网新战略 与阿里巴巴、SAP展开合作
05530;买买买！中国企业“扫购”澳新牧场
05592;淘手游B轮融资过亿 百亿手游交易市场前景看好
06316;O2O外卖成消费市场新增长极 这份购物者报告两年前已有预判
07165;高科技3D打印创客空间 你想体验吗?
07202;解读马云五新 新零售带来新变化
07688;金螳螂(002081)引入VR家居整装服务 全国门店增至101家
08776;创业者说：成都是圆梦之都
09161;阿里腾讯争夺移动支付场景
09194;进击的盒马与昂贵的全食
10290;鬼屋和密室逃脱OUT VR体验店来“踢馆”
11214;京东联姻1号店“蜜月期” 要与沃尔玛共建供应链
11295;任天堂《超级马里奥Run》正式登录安卓平台
