00603;新华社:长租公寓有助于缓解楼市压力 能够代替买房吗?
00654;2017中国工业物联网国际峰会将于9月召开
01074;春节前后海外并购频现 两项新规明起实施
02120;地产首富将易主 许家印身价已只比卖疯了的王健林差3%
02640;酒店为啥不愿换洗床单:一间房赚12元 一洗8元打水漂
02961;一支旅游团队的 24小时撤离之路
03475;创新转型焕生机 房博会打破政企沟通壁垒圆满闭幕
03725;马东带《奇葩说》辩手上喜马拉雅FM卖课程 10天如何卖了1000万？
03740;九龙仓(00004)分家 2300亿港元货值再造新平台
03946;华强方特高管：迪士尼来晚了 我们要翻倍主题公园
03987;万达网络金融三主线业务已经布局完毕
04531;华星控股(08237)3900万港元收购日本酒店及房地产租赁业务
05734;途牛自称在线休闲旅游份额位居第一 携程不同意
06768;银联商务升级顾客退房体验"支付+"助冰城酒店迎旅游旺季
06787;餐饮旅游行业评论周报:宋城演艺投资美国VR科技公司,岭南控股(000524)重组获证监会审核通过
06953;陈晓贝:中国5G研发进入第二阶段
08682;北部湾旅(603869):引领健康生活方式的海洋旅游服务商
09365;Airbnb考虑引入VR和AR技术 让租客预览房间
09578;特斯拉或将升级超级充电桩 10分钟内充满
09665;深交所:坚决落实退市主体责任 全力维护退市制度的严肃性
09852;双节临近催热旅游酒店板块 9只业绩翻番股迎机会
10257;特斯拉目的地充电网3个月增长25%，全球充电点超五千个
10541;网易游戏已将移动端扶正 电商还在高增长与低毛利间博弈
10888;首次房地产违规跨省大检查启动 违规者或被限制拍地和市场禁入
11140;互联网+出游 乘兴去败兴归
11154;上海迪士尼催热旅游线路 周边酒店涨价二到三成
11403;艾瑞：2015年中国出境游人次1.2亿！居世界第一
11716;小长假新玩法 去VR体验馆闯关
