00449;发改委:雄安新区规划纲要已基本完成
00587;环渤海动力煤价格指数报收于570元/吨 环比持平
00774;冰临城下 四大电企求发改委解燃"煤"之急
00831;能源局:差额部分储气设施建设项目要2018年能够开工
00943;国家发改委:粤港澳大湾区规划纲要很快就会出台
01049;国有企业要尽快把杠杆降下来
01053;"高铁外卖"月考:乘客胃口被吊起
01068;发改委主任何立峰:粤港澳大湾区规划纲要编制已基本完成
01125;发改委:多方面推进天然气产供储销体系建设
01159;民资"掌舵"杭绍台项目 铁路投融资体制改革再迈一步
01255;联合国海洋会议6月举行 海洋资源可持续利用受关注
01323;广东省多措并举降低制造业企业成本
01365;铁路"十三五"发展规划出炉鼓励采用股权投资方式推进混改
01393;煤炭行业点评报告:澳洲铁路局煤炭运力下调点评
01409;中国发展高层论坛:"一带一路"建设机遇属于全世界
01445;国家发改委:推进2018年煤炭中长期合同签订履行工作
01492;并购闲徕互娱 游戏业务推动昆仑万维(300418)业绩增长
01552;1-2月份煤炭生产供应、进出口简况
01638;数据揭示住建部为何约谈12城5月楼市或迎密集调控潮
01661;环杭州湾大湾区方案将出炉 建跨海高铁破交通痛点
01760;金融政策关键取向逐渐清晰
01950;北京至雄安城际铁路获批 投资额335.3亿元
02039;专家:缓解冬季中国天然气"气荒" 亟需大规模储气库建设
02125;新项目密集开工 今年铁路投资有望创新高
02430;国家海洋局正建全球海洋立体观测网 推动海洋经济发展
02473;成都平行进口车口岸作业将"零收费"
02682;新疆能源综合改革试点实施意见印发
02746;国家发改委主任何立峰:天然气产储供销均存在问题
02848;中国建成117亿立方米天然气调峰保供能力
02890;证券期货领域两类严重失信行为责任主体将被限制乘坐火车高级别席位和民用航空器
02898;中国代表联合国海洋大会上畅享"蓝色经济"发展理念
02902;风口上的"混改" 七大领域谁执牛耳?
02921;铁总改革个别领域步伐加快 已与物流业龙头公司洽谈
03017;铁路建设加速推进 全年投资将达8000亿元
03244;交通运输结构调整大幕开启 铁路国企混改试点扩围
03291;中科院部署11重点项目服务国民经济 5G芯片受青睐
03295;9月网贷行业收益率继续上升至10.09% 成交量环比降低2.24%
03654;两逻辑推升铁路基建板块19只年报预喜股机会凸显
03671;"复兴号"动车组在京津冀区域上线运行
03856;"互联网+"便捷交通工作稳步推进
03964;"一带一路"项目在非洲落地前景广阔
03985;今日起12周岁及以下未成年人21点后限玩《王者荣耀》
04158;法国六成选民对马克龙不满
04171;习近平主持召开中央财经委员会会议 强调防范化解金融风险
04287;为了去年冬天的"气荒"不再上演 中国开始布局地下储气库
04317;国内首个以系统安全为目标的国家级科技创新平台成立
04578;全国首例!成昆铁路复线垭口隧道穿越公路桥
04641;铁总呼叫阿里巴巴8000亿元投资如何分
04902;中国高端无人机进军拉美市场
04948;中国无人驾驶高速列车力争在北京冬奥会上 向世界展现
05103;早知道:健康产业科技创新获支持 创新药政策环境不断优化
05339;2月份全国铁路煤炭发运量1.87亿吨 同比增长13.5%
05493;新项目密集开工施工进入高潮 铁路投资有望创新高
05514;两会三大通道齐开 代表委员部长都"自带流量"
05533;多国争夺新马高铁 中国有一优势日本也没辙
05603;交通部部长:推动雄安新区一批重点骨干交通项目开工
05611;北京市发布236个棚改项目 涉及居民15300户
05668;神州高铁(000008)多款创新产品亮相
05694;广东铁路抢运电煤突破百万吨
05803;发改委:"互联网+"便捷交通工作稳步推进
05840;习近平主持召开中央财经委员会第一次会议强调:打好决胜全面建成小康社会三大攻坚战
06353;加强党中央对经济工作的集中统一领导打好决胜全面建成小康社会三大攻坚战
06606;发改委:2月份全国铁路煤炭发运量同比增长13.5%
06839;2018年5月9日债券交易提示
06951;今年将退出煤炭产能1.5亿吨 确保8亿吨目标实现"大头落地"
07192;中国中车：26列供新加坡地铁车辆存局部缺陷 已在分批返厂维修
07482;到2020年高铁里程将达3万公里 打造轨道上的三大都市圈
07818;首艘纯国产的甲板运输船建成交付
08123;报告显示:更多城市群兴起将促进区域协调发展
08140;两会上谈央企改革 委员们透露了混改重要信息
08233;"无人驾驶汽车"已无法满足人类 中国正在试验"无人驾驶高铁"
08363;高银金融(00530)通过合营夺得港铁何文田站一期物业项目
08368;基本面改善预期推升投资价值 8只高铁细分领域龙头股受关注
08421;美国德克萨斯州4月油气钻探许可签发数量同比大增34%
08483;高铁提速彰显"中国制造"再升级
08562;京津城际高铁演示超高速通信WiFi 速度是4G网络的10倍
08572;机械行业周报:全球无人机产业持续火爆,我国将研制大型客机发动机
08577;机械行业周报:两高铁项目获批投资逾千亿,大疆发布智能无人机新品
08686;中国民航与铁路签署《推进空铁联运战略合作协议》
08907;1-8月全国公路、民航建设投资保持较快增长
09091;站在"新时代"历史方位 四方面谋划资本市场新发展
09192;粤港澳大湾区规划呼之欲出 五领域投资机会初露锋芒
09245;雄安新区将建设无障碍共享之城 形成引领全球的中国雄安方案
09375;中央军委在南海海域海上阅兵 习近平检阅部队并发表重要讲话
09415;韩朝边境的地产疯狂:"严禁开发区域"地块也在大量交易
09655;外交部长王毅:今年我们将向全球推介雄安新区
09970;盈大地产(00432):PCPDFM与环球网络订立两份协议
09982;英国铁路运行集团:引入自动驾驶火车
09990;中铁总:今年研究科技型企业实施混改方案
10096;中央财经委首次会议强调:地方政府和国企要尽快把杠杆降下来
10402;铁路"十三五"发展规划印发 提七大重点任务
10549;隧道里也能上网，湖北移动启动高铁4G网络深度覆盖
10574;多地"交通强国"建设路线图浮现
10784;海南环岛高铁实现4G信号全线覆盖 旅客打电话和上网都方便了
10868;大唐电信(600198)启动5G外场性能测试
11063;50城市住宅成交量连跌四个月 8月市场交易或持续趋弱
11196;北方大面积"气荒"谜底揭晓 中国调峰缺口近50%
11274;铁总混改钟情阿里腾讯 万亿级机会考验点金术
11288;2017年《政府工作报告》36项指标任务圆满完成
11340;雄安新区设立十个月 京雄交通连接正提速
11479;商务部原副部长：中国还处在高铁走出去的初级阶段
11512;储气库建设严重不足 是导致我国连年"气荒"最为重要的因素
11659;沿海大省纷纷加快高铁建设 江苏已组建千亿级铁路集团
11700;重点领域价格改革继续深化 下一步将重点聚焦电力等五大方面
11745;中国联通(600050)混改带来启示:"互联网+"混改有望大行其道
11772;从40年7次机构改革看党和国家机构改革再启
