00389;智能电网核心技术如何领跑
01036;众业达(002441):公司充电桩站业务已在珠海、汕头、成都、郑州、海南、湖南等多地均有项目订单并完成项目试点
01199;新能源行业:放开配网业务,打破传统创造价值
01603;电力辅助服务补偿将实现全覆盖
01700;能源体制改革将迎升级版 油气改革进入施工高潮期
02233;发改委:做好2018年电力供需平衡预测和制定优先发电优先购电计划
02287;两部委发文 3年内解决弃水弃风弃光问题
02350;电力设备新能源行业周报:新能源汽车补贴调整落地,新能源限电改善趋势确定
02608;8地将试点电力现货交易方案 市场价格发现功能重启
02641;八省区列为电力现货市场试点打通风电光伏发电进场通道
02827;能源物联网时代 智能化浪潮正改变风电产业周期
03100;目前时点新能源板块的看法
03298;发改委:取消"跨省发电、供电计划和省级发电、供电计划备案核准"后 加强事中事后监管措施
03557;电改三大问题待破解
03559;3位绩优基金经理详解"新能源"投资重点(上)
04293;中国智能电网行业发展影响因素分析和投资规模预测
04621;MWC2017:英特尔携手合作伙伴加速5G商用落地
04687;发改委就区域电网输电定价办法等征意见
05264;证监会开两张内幕交易罚单:非法获利者罚没逾500万 亏损离场者被罚30万
05363;风电光伏年废弃电量500亿度 国家电网称省间消纳存四大壁垒
05590;[增持评级]电气设备行业周报:首批百个增量配电PPP试点项目即将公布 重点关注配电设备和运营商
05719;两部委发文开展电力现货市场建设 8地区将成首批试点
06722;发改委:建立完善优先发电购电制度 加强事中事后监管
06759;2018中国国际清洁能源科技推广周今日在京开幕
06978;电新周报:新能源汽车正反馈时代到来 光伏十三五侧重分布式
06984;金风科技(002202)低风速新品首台样机并网
07300;能源局发布今年能源工作指导意见:加快推进油气体制改革
07514;新能源车补贴择优扶强 新能源景气度持续向好
07542;用煤大国超越美国领跑"清洁"转型:央企巨头抢进新能源大时代
07731;通信行业周报:CES展5G受关注,国企混改板块表现活跃
07966;能源局发文减轻可再生能源领域企业负担
08158;中国满足天然气供应需要发展页岩气
08190;电改落地全面提速 发改委一天批复5省市方案
08471;智能电网畅想曲
08948;2017年高技术领域发展成就之七:张家口可再生能源示范区创新发展成效显著
08977;全国工商联:建议提高可再生能源电力配额比例
09175;国家北斗精准服务网在电力领域取得阶段性成果
09271;1-8月电网工程完成投资同比增长 电源工程完成投资同比下降
09414;中国建成全球最大智慧车联网
09416;众业达(002441):充电桩站已在珠海等多个城市完成试点
09564;西门子超金风科技跃居风电霸主
09573;国家海洋局关于印发《海洋可再生能源发展"十三五"规划》的通知
09754;金智科技(002090)双轮驱动战略加快落地
09861;新能源与电力设备行业研究周报:新能源汽车延续预期与基本面的博弈,电改、海上风电重要政策发布
10438;南方电网发布"十三五"智能电网发展规划研究报告
10809;能源体制改革将迎"升级版"
11007;新电改再提速全面进入攻坚期 民营参与呼声大
11194;电力设备行业:新能源车型目录出台,轻装上阵
11236;中电联发布《中国电力行业年度发展报告2017》
11472;大数据和智能电网的关系
11736;跨区输配电定价办法出台 打破区域壁垒促交易
