00402;中国商务部:对原产美国进口高粱实施临时反倾销措施
00483;房产税夜袭房价将下降55% 中国正式进入房产税时代
00724;成都纵深推进供给侧改革 培育产业发展新动能
00980;石墨烯虚火 90%公司预计被淘汰
01240;可燃冰成为我国第173个矿种
01354;5G技术研发试验第三阶段工作启动
01360;中国石墨烯困境：产业链脱节
01363;阿迪达斯推出全球首款可量产的3D打印运动鞋
01535;三代核电国产化率超85% 四代核电示范工程即将建成
02029;国家发展改革委下达煤矿安全改造2018年中央预算内投资中央本级计划
02714;工信部:启动5G技术研发试验第三阶段工作
02825;各省将成立专项行动小组打击治理煤矿违法违规行为
03403;佳木斯郊区安监局开展2018年加油站安全标准化培训
03458;量子通信技术进入快车道 将支撑国民经济可持续发展
03486;资管新规透露监管边界 资管业智能投顾回归本源
03512;浙江省海洋生产总值占该省GDP的14.3%
03569;2016年中国海洋生产总值超过7万亿元 占GDP9.5%
03627;宋华:互联网+环境下 企业产业供应链变革
03676;德联集团(002666)对特斯拉进行过防冻液产品的小批量供应
03860;承包万亿元猪市场的生意 农信宝完成数千万元Pre-A轮融资
03898;发改委批复建设三个煤矿项目 同意实施煤炭产能置换
04144;科林电气(603050):充电桩产品已开发完成
04185;京津冀将统一食品安全物联网追溯标准规范
04332;广东开通中国首个5G基站 启动外场测试
04403;煤炭去产能超4亿吨完成"十三五"目标任务过半
04407;工信部启动5G技术研发试验第三阶段工作
04412;煤炭去产能完成年度目标85% 7省份已超额完成任务
04495;人工智能产业推进措施将分三路进行 产业升级将创造超万亿产值
04616;普莱柯(603566):疫苗获批新兽药 预计贡献业绩新增量!
04969;首个版本的5G国际标准明年6月出炉 商用网络促全球5G产业崛起
05046;3D打印建筑技术迈出"产业化"重要一步
05086;中兴通讯(000063)副总裁：预计今年下半年开启5G预商用部署
05098;浙江2016年海洋生产总值占GDP14.3%
05112;店场网再造平台型新龙头  探路农业互联网化
05294;农批市场寻求"互联网+"转型 信息化改革面临三大挑战
05776;对游戏行业需"一手扶犁,一手挥鞭"
06016;新华社再评王者荣耀:暴露游戏行业野蛮生长的痛点
06062;四部门出台煤炭产能置换政策
06278;中国核建携一重共推四代核电 央企合作自主技术“走出去”
06364;中国首家3D打印房地产企业亮相
06891;特斯拉加速中国市场布局计划在华校招500人
06944;云南:示范"责任监察"让煤矿"红脸出汗"
07199;手游市场分化加剧泛娱乐如何落地?
07640;国家统计局农村司高级统计师侯锐解读夏粮生产情况
07677;150亿美元大单 以色列将向埃及出口天然气
07729;方星海在中国(深圳)国际期货大会上表示 建设高效期货市场 加快形成对外开放新格局
07860;国土部传达学习党的十九大精神:建立房地产多元化供地机制
08034;四部门:完善煤炭产能置换政策 加快优质产能释放
08076;坚持以深化供给侧结构性改革为主线
08262;北京房山43.6亿成交两宗共有产权住宅用地
08518;华中地区首个量子通信城域网启动运营
09182;农业供给侧改革 应围绕四个方面
09195;发改委:今年退出粗钢产能3000万吨 化解煤炭过剩产能1.5亿吨
09819;粤港澳大湾区高教命题:如何飞出更多"大疆无人机"?
10015;5G概念股持续活跃 中富通等涨停
10034;德联集团(002666):公司对特斯拉进行过防冻液产品的小批量供应
10209;一号文件公布在即 农业股重回机构视野
10345;发改委:部署2018产权保护重点工作 明确10方面任务
10476;中欣氟材(002915):新药将为公司带来1.5亿左右有销售收入
10625;大企业也在寻找创新助推器
10760;频现大宗交易 深圳商业地产获资金青睐
10772;大北农(002385):农业互联网平台加速成型 买入评级
10818;量子通信"武合干线"开建 商业化推进惠及全产业链
10852;工信部:力争2018年底前实现5G第三阶段试验基本目标
11201;《开展依法打击和重点整治煤矿安全生产违法违规行为专项行动的通知》近日印发
11234;农村电商倒逼农业物联网加速养殖户日常维护实现手机操控
11374;250份问询函、3000个问题 深交所年报监管盯紧了哪些风险点
11688;煤炭周报:限产放开在即 焦煤价格有望上涨
